candidate	decision	note	proposed_assignment
барыня	APPROVE_EXISTING_ROOT	Single Tikhonov root maps to one existing Kuz root family; authorization hole only.	fam:бар
боярыня	APPROVE_EXISTING_ROOT	Single Tikhonov root maps to one existing Kuz root family; authorization hole only.	fam:бояр
гордыня	APPROVE_EXISTING_ROOT	Single Tikhonov root maps to one existing Kuz root family; authorization hole only.	fam:горд
государыня	APPROVE_EXISTING_ROOT	Single Tikhonov root maps to one existing Kuz root family; authorization hole only.	fam:государ
гусыня	APPROVE_EXISTING_ROOT	Single Tikhonov root maps to one existing Kuz root family; authorization hole only.	fam:гус
дурацкий	APPROVE_EXISTING_ROOT	Single Tikhonov root maps to one existing Kuz root family; authorization hole only.	fam:дур
зажуриться	APPROVE_EXISTING_ROOT	Single Tikhonov root maps to one existing Kuz root family; authorization hole only.	fam:жур
камышевка	APPROVE_EXISTING_ROOT	Single Tikhonov root maps to one existing Kuz root family; authorization hole only.	fam:камыш
клетушечка	APPROVE_EXISTING_ROOT	Single Tikhonov root maps to one existing Kuz root family; authorization hole only.	fam:клет
лущевка	APPROVE_EXISTING_ROOT	Single Tikhonov root maps to one existing Kuz root family; authorization hole only.	fam:лущ
мамашенька	APPROVE_EXISTING_ROOT	Single Tikhonov root maps to one existing Kuz root family; authorization hole only.	fam:мам
милашечка	APPROVE_EXISTING_ROOT	Single Tikhonov root maps to one existing Kuz root family; authorization hole only.	fam:мил
поднебесье	APPROVE_EXISTING_ROOT	Single Tikhonov root maps to one existing Kuz root family; authorization hole only.	fam:неб
попадья	APPROVE_EXISTING_ROOT	Single Tikhonov root maps to one existing Kuz root family; authorization hole only.	fam:поп
почтальон	APPROVE_EXISTING_ROOT	Single Tikhonov root maps to one existing Kuz root family; authorization hole only.	fam:почт
почтальонский	APPROVE_EXISTING_ROOT	Single Tikhonov root maps to one existing Kuz root family; authorization hole only.	fam:почт
почтамт	APPROVE_EXISTING_ROOT	Single Tikhonov root maps to one existing Kuz root family; authorization hole only.	fam:почт
почтамтский	APPROVE_EXISTING_ROOT	Single Tikhonov root maps to one existing Kuz root family; authorization hole only.	fam:почт
птенцовый	APPROVE_EXISTING_ROOT	Single Tikhonov root maps to one existing Kuz root family; authorization hole only.	fam:пт
птенчик	APPROVE_EXISTING_ROOT	Single Tikhonov root maps to one existing Kuz root family; authorization hole only.	fam:пт
рыбацкий	APPROVE_EXISTING_ROOT	Single Tikhonov root maps to one existing Kuz root family; authorization hole only.	fam:рыб
рыбчонка	APPROVE_EXISTING_ROOT	Single Tikhonov root maps to one existing Kuz root family; authorization hole only.	fam:рыб
скупердяй	APPROVE_EXISTING_ROOT	Single Tikhonov root maps to one existing Kuz root family; authorization hole only.	fam:скуп
скупердяйка	APPROVE_EXISTING_ROOT	Single Tikhonov root maps to one existing Kuz root family; authorization hole only.	fam:скуп
старушечий	APPROVE_EXISTING_ROOT	Single Tikhonov root maps to one existing Kuz root family; authorization hole only.	fam:стар
сударыня	APPROVE_EXISTING_ROOT	Single Tikhonov root maps to one existing Kuz root family; authorization hole only.	fam:судар
взнуздать	APPROVE_EXISTING_ROOT	Single Tikhonov root maps to one existing Kuz root family; authorization hole only.	fam:узд
взнуздывать	APPROVE_EXISTING_ROOT	Single Tikhonov root maps to one existing Kuz root family; authorization hole only.	fam:узд
взнуздываться	APPROVE_EXISTING_ROOT	Single Tikhonov root maps to one existing Kuz root family; authorization hole only.	fam:узд
зануздать	APPROVE_EXISTING_ROOT	Single Tikhonov root maps to one existing Kuz root family; authorization hole only.	fam:узд
зануздывать	APPROVE_EXISTING_ROOT	Single Tikhonov root maps to one existing Kuz root family; authorization hole only.	fam:узд
разнузданность	APPROVE_EXISTING_ROOT	Single Tikhonov root maps to one existing Kuz root family; authorization hole only.	fam:узд
разнузданный	APPROVE_EXISTING_ROOT	Single Tikhonov root maps to one existing Kuz root family; authorization hole only.	fam:узд
разнуздать	APPROVE_EXISTING_ROOT	Single Tikhonov root maps to one existing Kuz root family; authorization hole only.	fam:узд
разнуздаться	APPROVE_EXISTING_ROOT	Single Tikhonov root maps to one existing Kuz root family; authorization hole only.	fam:узд
разнуздывать	APPROVE_EXISTING_ROOT	Single Tikhonov root maps to one existing Kuz root family; authorization hole only.	fam:узд
разнуздываться	APPROVE_EXISTING_ROOT	Single Tikhonov root maps to one existing Kuz root family; authorization hole only.	fam:узд
флотилия	APPROVE_EXISTING_ROOT	Single Tikhonov root maps to one existing Kuz root family; authorization hole only.	fam:флот
цепочечный	APPROVE_EXISTING_ROOT	Single Tikhonov root maps to one existing Kuz root family; authorization hole only.	fam:цеп
