left	right	verdict	reason
бак	баковый	SAFE	reviewed external cognate
бас	басовый	SAFE	reviewed external cognate
беда	бедный	SAFE	reviewed external cognate
больший	большой	SAFE	reviewed external cognate
брат	братний	SAFE	reviewed external cognate
брат	братский	SAFE	reviewed external cognate
бурный	буря	SAFE	reviewed external cognate
ввести	вводить	SAFE	reviewed external cognate
вводить	вывести	SAFE	reviewed external cognate
вера	верный	SAFE	reviewed external cognate
верх	верхний	SAFE	reviewed external cognate
взрыв	взрывник	SAFE	reviewed external cognate
включаться	включиться	SAFE	reviewed external cognate
властный	власть	SAFE	reviewed external cognate
вместе	место	SAFE	reviewed external cognate
вновь	новый	SAFE	reviewed external cognate
вода	водный	SAFE	reviewed external cognate
вода	водовод	SAFE	reviewed external cognate
возвести	возводить	SAFE	reviewed external cognate
возникать	возникнуть	SAFE	reviewed external cognate
волна	волновод	SAFE	reviewed external cognate
вопрос	вопросник	SAFE	reviewed external cognate
вред	вредный	SAFE	reviewed external cognate
вредитель	вредительский	SAFE	reviewed external cognate
вскоре	скорость	SAFE	reviewed external cognate
встреча	встречный	SAFE	reviewed external cognate
вступать	вступить	SAFE	reviewed external cognate
выделить	выделять	SAFE	reviewed external cognate
выполнить	выполнять	SAFE	reviewed external cognate
выпуск	выпускник	SAFE	reviewed external cognate
газ	газовый	SAFE	reviewed external cognate
газета	газетный	SAFE	reviewed external cognate
герб	гербовый	SAFE	reviewed external cognate
герой	геройский	SAFE	reviewed external cognate
глава	главный	SAFE	reviewed external cognate
глаз	глазник	SAFE	reviewed external cognate
глаз	глазной	SAFE	reviewed external cognate
голова	головной	SAFE	reviewed external cognate
голод	голодный	SAFE	reviewed external cognate
гора	горный	SAFE	reviewed external cognate
гора	горский	SAFE	reviewed external cognate
город	городской	SAFE	reviewed external cognate
гостиный	гость	SAFE	reviewed external cognate
грудной	грудь	SAFE	reviewed external cognate
груз	грузный	SAFE	reviewed external cognate
гряда	грядной	SAFE	reviewed external cognate
грязный	грязь	SAFE	reviewed external cognate
дальнейший	дальний	SAFE	reviewed external cognate
дама	дамский	SAFE	reviewed external cognate
двор	дворник	SAFE	reviewed external cognate
двор	дворовый	SAFE	reviewed external cognate
девятый	девять	SAFE	reviewed external cognate
декабрь	декабрьский	SAFE	reviewed external cognate
денной	день	SAFE	reviewed external cognate
день	дневной	SAFE	reviewed external cognate
день	дневный	SAFE	reviewed external cognate
дневной	дневный	SAFE	reviewed external cognate
доктор	докторский	SAFE	reviewed external cognate
дом	домовый	SAFE	reviewed external cognate
достигать	достигнуть	SAFE	reviewed external cognate
дробный	дробь	SAFE	reviewed external cognate
дуб	дубовый	SAFE	reviewed external cognate
дым	дымный	SAFE	reviewed external cognate
единственный	один	SAFE	reviewed external cognate
жгутик	жгутиковый	SAFE	reviewed external cognate
железный	железо	SAFE	reviewed external cognate
жена	женский	SAFE	reviewed external cognate
жир	жирник	SAFE	reviewed external cognate
жир	жирный	SAFE	reviewed external cognate
завершать	завершить	SAFE	reviewed external cognate
завод	заводский	SAFE	reviewed external cognate
зад	задний	SAFE	reviewed external cognate
закон	законник	SAFE	reviewed external cognate
запад	западник	SAFE	reviewed external cognate
запас	запасник	SAFE	reviewed external cognate
зародыш	зародышевый	SAFE	reviewed external cognate
заселить	заселять	SAFE	reviewed external cognate
звезда	звездный	SAFE	reviewed external cognate
зима	зимний	SAFE	reviewed external cognate
злак	злаковый	SAFE	reviewed external cognate
знак	знаковый	SAFE	reviewed external cognate
зритель	зрительский	SAFE	reviewed external cognate
издатель	издательский	SAFE	reviewed external cognate
изменить	изменять	SAFE	reviewed external cognate
измениться	изменяться	SAFE	reviewed external cognate
инженер	инженерный	SAFE	reviewed external cognate
инженер	инженерский	SAFE	reviewed external cognate
интерес	интересный	SAFE	reviewed external cognate
исключать	исключить	SAFE	reviewed external cognate
исследователь	исследовательский	SAFE	reviewed external cognate
июль	июльский	SAFE	reviewed external cognate
кал	каловый	SAFE	reviewed external cognate
капуста	капустный	SAFE	reviewed external cognate
квартира	квартирный	SAFE	reviewed external cognate
класс	классный	SAFE	reviewed external cognate
класс	классовый	SAFE	reviewed external cognate
кожа	кожный	SAFE	reviewed external cognate
команда	командный	SAFE	reviewed external cognate
комар	комариный	SAFE	reviewed external cognate
компас	компасный	SAFE	reviewed external cognate
конец	кончать	SAFE	reviewed external cognate
коренной	корень	SAFE	reviewed external cognate
крат	кратный	SAFE	reviewed external cognate
крест	крестник	SAFE	reviewed external cognate
крест	крестный	SAFE	reviewed external cognate
крест	крестовый	SAFE	reviewed external cognate
кукуруза	кукурузный	SAFE	reviewed external cognate
кукуруза	кукурузовод	SAFE	reviewed external cognate
курган	курганный	SAFE	reviewed external cognate
кустарник	кустарниковый	SAFE	reviewed external cognate
лампа	ламповый	SAFE	reviewed external cognate
лед	ледник	SAFE	reviewed external cognate
лед	ледовый	SAFE	reviewed external cognate
ледник	ледниковый	SAFE	reviewed external cognate
лес	лесник	SAFE	reviewed external cognate
лес	лесной	SAFE	reviewed external cognate
летний	лето	SAFE	reviewed external cognate
лоб	лобный	SAFE	reviewed external cognate
лососевый	лосось	SAFE	reviewed external cognate
луна	лунный	SAFE	reviewed external cognate
магазин	магазинный	SAFE	reviewed external cognate
магнит	магнитный	SAFE	reviewed external cognate
май	майник	SAFE	reviewed external cognate
май	майский	SAFE	reviewed external cognate
материк	материковый	SAFE	reviewed external cognate
машина	машинный	SAFE	reviewed external cognate
маятник	маятниковый	SAFE	reviewed external cognate
мед	медовый	SAFE	reviewed external cognate
мед	медоносный	SAFE	reviewed external cognate
мера	мерный	SAFE	reviewed external cognate
местный	место	SAFE	reviewed external cognate
мина	минный	SAFE	reviewed external cognate
минута	минутный	SAFE	reviewed external cognate
мир	мирный	SAFE	reviewed external cognate
море	морской	SAFE	reviewed external cognate
мороз	морозный	SAFE	reviewed external cognate
мощный	мощь	SAFE	reviewed external cognate
муравей	муравейник	SAFE	reviewed external cognate
мусор	мусорный	SAFE	reviewed external cognate
мышьяк	мышьяковый	SAFE	reviewed external cognate
мясной	мясо	SAFE	reviewed external cognate
набег	набеговый	SAFE	reviewed external cognate
наблюдатель	наблюдательский	SAFE	reviewed external cognate
накладывать	наложить	SAFE	reviewed external cognate
налог	налоговый	SAFE	reviewed external cognate
народ	народник	SAFE	reviewed external cognate
населить	населять	SAFE	reviewed external cognate
нога	ножка	SAFE	reviewed external cognate
номер	номерной	SAFE	reviewed external cognate
нора	норный	SAFE	reviewed external cognate
ночной	ночь	SAFE	reviewed external cognate
ноябрь	ноябрьский	SAFE	reviewed external cognate
областной	область	SAFE	reviewed external cognate
обнаруживать	обнаружить	SAFE	reviewed external cognate
обобщать	обобщить	SAFE	reviewed external cognate
оборот	оборотный	SAFE	reviewed external cognate
обрат	обратный	SAFE	reviewed external cognate
обряд	обрядовый	SAFE	reviewed external cognate
озерный	озеро	SAFE	reviewed external cognate
океан	океанский	SAFE	reviewed external cognate
окружать	окружить	SAFE	reviewed external cognate
октябрь	октябрьский	SAFE	reviewed external cognate
омулевый	омуль	SAFE	reviewed external cognate
он	она	SAFE	reviewed external cognate
он	они	SAFE	reviewed external cognate
он	оно	SAFE	reviewed external cognate
она	они	SAFE	reviewed external cognate
она	оно	SAFE	reviewed external cognate
они	оно	SAFE	reviewed external cognate
опекун	опекунский	SAFE	reviewed external cognate
опыление	пыль	SAFE	reviewed external cognate
опыт	опытник	SAFE	reviewed external cognate
осенний	осень	SAFE	reviewed external cognate
осетр	осетровый	SAFE	reviewed external cognate
остров	островной	SAFE	reviewed external cognate
откладывать	отложить	SAFE	reviewed external cognate
отход	отходник	SAFE	reviewed external cognate
очаг	очаговый	SAFE	reviewed external cognate
очерк	очерковый	SAFE	reviewed external cognate
пакет	пакетный	SAFE	reviewed external cognate
палата	палатный	SAFE	reviewed external cognate
памятный	память	SAFE	reviewed external cognate
пар	парник	SAFE	reviewed external cognate
пар	парной	SAFE	reviewed external cognate
пара	парный	SAFE	reviewed external cognate
парус	парусник	SAFE	reviewed external cognate
парус	парусный	SAFE	reviewed external cognate
печатный	печать	SAFE	reviewed external cognate
писатель	писательский	SAFE	reviewed external cognate
плав	плавник	SAFE	reviewed external cognate
плавник	плавниковый	SAFE	reviewed external cognate
план	плановый	SAFE	reviewed external cognate
планета	планетный	SAFE	reviewed external cognate
плата	платный	SAFE	reviewed external cognate
плен	пленник	SAFE	reviewed external cognate
плен	пленный	SAFE	reviewed external cognate
плечной	плечо	SAFE	reviewed external cognate
плита	плитный	SAFE	reviewed external cognate
плод	плодник	SAFE	reviewed external cognate
плод	плодный	SAFE	reviewed external cognate
плод	плодовый	SAFE	reviewed external cognate
подъем	подъемник	SAFE	reviewed external cognate
поиск	поисковый	SAFE	reviewed external cognate
поклон	поклонник	SAFE	reviewed external cognate
получать	получить	SAFE	reviewed external cognate
получаться	получиться	SAFE	reviewed external cognate
порт	портовый	SAFE	reviewed external cognate
посетитель	посетительский	SAFE	reviewed external cognate
поступать	поступить	SAFE	reviewed external cognate
почта	почтовый	SAFE	reviewed external cognate
пояс	поясной	SAFE	reviewed external cognate
предмет	предметник	SAFE	reviewed external cognate
председатель	председательский	SAFE	reviewed external cognate
преподаватель	преподавательский	SAFE	reviewed external cognate
привести	приводить	SAFE	reviewed external cognate
прием	приемник	SAFE	reviewed external cognate
применить	применять	SAFE	reviewed external cognate
проба	пробный	SAFE	reviewed external cognate
провести	проводить	SAFE	reviewed external cognate
провод	проводник	SAFE	reviewed external cognate
проводник	проводниковый	SAFE	reviewed external cognate
продолжать	продолжить	SAFE	reviewed external cognate
продолжаться	продолжиться	SAFE	reviewed external cognate
проникать	проникнуть	SAFE	reviewed external cognate
просветитель	просветительский	SAFE	reviewed external cognate
путевый	путь	SAFE	reviewed external cognate
путный	путь	SAFE	reviewed external cognate
пчела	пчелиный	SAFE	reviewed external cognate
пчела	пчеловод	SAFE	reviewed external cognate
пчела	пчеловодный	SAFE	reviewed external cognate
пчела	пчеловодство	SAFE	reviewed external cognate
пчела	пчеловодческий	SAFE	reviewed external cognate
пыль	пыльник	SAFE	reviewed external cognate
пятеро	пятый	SAFE	reviewed external cognate
пятый	пять	SAFE	reviewed external cognate
раз	разовый	SAFE	reviewed external cognate
разговор	разговорник	SAFE	reviewed external cognate
разделить	разделять	SAFE	reviewed external cognate
разряд	разрядник	SAFE	reviewed external cognate
ребро	ребровый	SAFE	reviewed external cognate
решать	решить	SAFE	reviewed external cognate
родитель	родительский	SAFE	reviewed external cognate
ртутный	ртуть	SAFE	reviewed external cognate
рудник	рудниковый	SAFE	reviewed external cognate
рука	ручка	SAFE	reviewed external cognate
русло	русловый	SAFE	reviewed external cognate
ручей	ручейник	SAFE	reviewed external cognate
рыба	рыбный	SAFE	reviewed external cognate
рыба	рыбовод	SAFE	reviewed external cognate
рыба	рыбоводный	SAFE	reviewed external cognate
рыба	рыбоводство	SAFE	reviewed external cognate
рыба	рыбоводческий	SAFE	reviewed external cognate
ряд	рядный	SAFE	reviewed external cognate
ряд	рядской	SAFE	reviewed external cognate
сахар	сахарный	SAFE	reviewed external cognate
сбор	сборник	SAFE	reviewed external cognate
сброс	сбросовый	SAFE	reviewed external cognate
свобода	свободный	SAFE	reviewed external cognate
свой	свойский	SAFE	reviewed external cognate
север	северный	SAFE	reviewed external cognate
сезон	сезонник	SAFE	reviewed external cognate
сезон	сезонный	SAFE	reviewed external cognate
сентябрь	сентябрьский	SAFE	reviewed external cognate
сера	серный	SAFE	reviewed external cognate
сетной	сеть	SAFE	reviewed external cognate
сетный	сеть	SAFE	reviewed external cognate
сиг	сиговый	SAFE	reviewed external cognate
ситный	сито	SAFE	reviewed external cognate
сито	ситовый	SAFE	reviewed external cognate
складываться	сложиться	SAFE	reviewed external cognate
слеза	слезный	SAFE	reviewed external cognate
слон	слоновый	SAFE	reviewed external cognate
слюна	слюнный	SAFE	reviewed external cognate
совершать	совершить	SAFE	reviewed external cognate
совет	советник	SAFE	reviewed external cognate
совет	советский	SAFE	reviewed external cognate
солдат	солдатский	SAFE	reviewed external cognate
сообщать	сообщить	SAFE	reviewed external cognate
сор	сорный	SAFE	reviewed external cognate
сосед	соседский	SAFE	reviewed external cognate
союз	союзник	SAFE	reviewed external cognate
союз	союзный	SAFE	reviewed external cognate
стадный	стадо	SAFE	reviewed external cognate
стена	стенной	SAFE	reviewed external cognate
степенный	степень	SAFE	reviewed external cognate
сток	стоковый	SAFE	reviewed external cognate
столбик	столбиковый	SAFE	reviewed external cognate
сторона	сторонний	SAFE	reviewed external cognate
струна	струнный	SAFE	reviewed external cognate
съезд	съездовый	SAFE	reviewed external cognate
темный	темь	SAFE	reviewed external cognate
тигр	тигриный	SAFE	reviewed external cognate
тигр	тигровый	SAFE	reviewed external cognate
ткань	тканьевый	SAFE	reviewed external cognate
торг	торговый	SAFE	reviewed external cognate
тростник	тростниковый	SAFE	reviewed external cognate
труба	трубный	SAFE	reviewed external cognate
труд	трудный	SAFE	reviewed external cognate
труп	трупный	SAFE	reviewed external cognate
удар	ударник	SAFE	reviewed external cognate
удар	ударный	SAFE	reviewed external cognate
ужас	ужасный	SAFE	reviewed external cognate
урез	урезник	SAFE	reviewed external cognate
уступать	уступить	SAFE	reviewed external cognate
февраль	февральский	SAFE	reviewed external cognate
фигура	фигурный	SAFE	reviewed external cognate
флот	флотский	SAFE	reviewed external cognate
фонарный	фонарь	SAFE	reviewed external cognate
характер	характерный	SAFE	reviewed external cognate
хватать	хватить	SAFE	reviewed external cognate
холод	холодный	SAFE	reviewed external cognate
холод	холодовый	SAFE	reviewed external cognate
хребет	хребетный	SAFE	reviewed external cognate
царский	царь	SAFE	reviewed external cognate
цвет	цветной	SAFE	reviewed external cognate
цена	ценный	SAFE	reviewed external cognate
цепной	цепь	SAFE	reviewed external cognate
церковный	церковь	SAFE	reviewed external cognate
чан	чанный	SAFE	reviewed external cognate
частный	часть	SAFE	reviewed external cognate
челюстной	челюсть	SAFE	reviewed external cognate
чет	четный	SAFE	reviewed external cognate
член	членный	SAFE	reviewed external cognate
член	членский	SAFE	reviewed external cognate
шарик	шариковый	SAFE	reviewed external cognate
шахта	шахтный	SAFE	reviewed external cognate
шахта	шахтовый	SAFE	reviewed external cognate
шестеро	шестой	SAFE	reviewed external cognate
шестой	шесть	SAFE	reviewed external cognate
шум	шумный	SAFE	reviewed external cognate
ядро	ядровый	SAFE	reviewed external cognate
язык	языковый	SAFE	reviewed external cognate
январский	январь	SAFE	reviewed external cognate
бросать	бросить	SAFE	direct aspect pair
включать	включить	SAFE	direct aspect pair
вселить	вселять	SAFE	direct aspect pair
выделиться	выделяться	SAFE	direct aspect pair
выполниться	выполняться	SAFE	direct aspect pair
выступать	выступить	SAFE	direct aspect pair
вычислить	вычислять	SAFE	direct aspect pair
дополниться	дополняться	SAFE	direct aspect pair
завершаться	завершиться	SAFE	direct aspect pair
закладывать	заложить	SAFE	direct aspect pair
заменить	заменять	SAFE	direct aspect pair
замениться	заменяться	SAFE	direct aspect pair
замерзать	замерзнуть	SAFE	direct aspect pair
захватить	захватывать	SAFE	direct aspect pair
излучать	излучить	SAFE	direct aspect pair
излучаться	излучиться	SAFE	direct aspect pair
измерить	измерять	SAFE	direct aspect pair
измучивать	измучить	SAFE	direct aspect pair
испарить	испарять	SAFE	direct aspect pair
исполнить	исполнять	SAFE	direct aspect pair
катать	катнуть	SAFE	direct aspect pair
качать	качнуть	SAFE	direct aspect pair
махать	махнуть	SAFE	direct aspect pair
навести	наводить	SAFE	direct aspect pair
нарушаться	нарушиться	SAFE	direct aspect pair
обмениваться	обмениться	SAFE	direct aspect pair
обобщаться	обобщиться	SAFE	direct aspect pair
отделить	отделять	SAFE	direct aspect pair
отделиться	отделяться	SAFE	direct aspect pair
отклонить	отклонять	SAFE	direct aspect pair
отстранить	отстранять	SAFE	direct aspect pair
отступать	отступить	SAFE	direct aspect pair
охватить	охватывать	SAFE	direct aspect pair
охранить	охранять	SAFE	direct aspect pair
оценивать	оценить	SAFE	direct aspect pair
переселиться	переселяться	SAFE	direct aspect pair
повториться	повторяться	SAFE	direct aspect pair
погибать	погибнуть	SAFE	direct aspect pair
подчиниться	подчиняться	SAFE	direct aspect pair
поощрить	поощрять	SAFE	direct aspect pair
пополнить	пополнять	SAFE	direct aspect pair
поселить	поселять	SAFE	direct aspect pair
поселиться	поселяться	SAFE	direct aspect pair
привыкать	привыкнуть	SAFE	direct aspect pair
прикладывать	приложить	SAFE	direct aspect pair
примениться	применяться	SAFE	direct aspect pair
причислить	причислять	SAFE	direct aspect pair
проверить	проверять	SAFE	direct aspect pair
прояснить	прояснять	SAFE	direct aspect pair
пугать	пугнуть	SAFE	direct aspect pair
разваливаться	развалиться	SAFE	direct aspect pair
развести	разводить	SAFE	direct aspect pair
различать	различить	SAFE	direct aspect pair
разрешать	разрешить	SAFE	direct aspect pair
разрушать	разрушить	SAFE	direct aspect pair
расшириться	расширяться	SAFE	direct aspect pair
решаться	решиться	SAFE	direct aspect pair
сдружаться	сдружиться	SAFE	direct aspect pair
складывать	сложить	SAFE	direct aspect pair
случать	случить	SAFE	direct aspect pair
совершаться	совершиться	SAFE	direct aspect pair
соединиться	соединяться	SAFE	direct aspect pair
сообщаться	сообщиться	SAFE	direct aspect pair
сохраниться	сохраняться	SAFE	direct aspect pair
сочинить	сочинять	SAFE	direct aspect pair
спариваться	спариться	SAFE	direct aspect pair
удалиться	удаляться	SAFE	direct aspect pair
уединить	уединять	SAFE	direct aspect pair
ужасать	ужаснуть	SAFE	direct aspect pair
умерить	умерять	SAFE	direct aspect pair
усиливать	усилить	SAFE	direct aspect pair
усиливаться	усилиться	SAFE	direct aspect pair
ускорить	ускорять	SAFE	direct aspect pair
устранить	устранять	SAFE	direct aspect pair
