rank	root	members	decision	note	reviewer
1	параметр	параметр|параметризованный|параметрический	APPROVE_OPAQUE_FAMILY	Tikhonov family reviewed; opaque root assignment is family-level. Compound members retain complete structures and are not opened by component-only matching.	manual-audit
2	пигмент	депигментация|пигмент|пигментация|пигментный	APPROVE_OPAQUE_FAMILY	Tikhonov family reviewed; opaque root assignment is family-level. Compound members retain complete structures and are not opened by component-only matching.	manual-audit
3	результат	безрезультатный|результат|результативный|результатный	APPROVE_OPAQUE_FAMILY	Tikhonov family reviewed; opaque root assignment is family-level. Compound members retain complete structures and are not opened by component-only matching.	manual-audit
4	диаметр	диаметр|диаметральный	APPROVE_OPAQUE_FAMILY	Tikhonov family reviewed; opaque root assignment is family-level. Compound members retain complete structures and are not opened by component-only matching.	manual-audit
5	перпендикуляр	перпендикуляр|перпендикулярный	APPROVE_OPAQUE_FAMILY	Tikhonov family reviewed; opaque root assignment is family-level. Compound members retain complete structures and are not opened by component-only matching.	manual-audit
6	фундамент	фундамент|фундаментальный|фундаментный	APPROVE_OPAQUE_FAMILY	Tikhonov family reviewed; opaque root assignment is family-level. Compound members retain complete structures and are not opened by component-only matching.	manual-audit
7	донор	донор|донорский|донорство	APPROVE_OPAQUE_FAMILY	Tikhonov family reviewed; opaque root assignment is family-level. Compound members retain complete structures and are not opened by component-only matching.	manual-audit
8	протон	протон|протонный	APPROVE_OPAQUE_FAMILY	Tikhonov family reviewed; opaque root assignment is family-level. Compound members retain complete structures and are not opened by component-only matching.	manual-audit
9	бассейн	бассейн|бассейновый	APPROVE_OPAQUE_FAMILY	Tikhonov family reviewed; opaque root assignment is family-level. Compound members retain complete structures and are not opened by component-only matching.	manual-audit
10	момент	момент|моментальный	APPROVE_OPAQUE_FAMILY	Tikhonov family reviewed; opaque root assignment is family-level. Compound members retain complete structures and are not opened by component-only matching.	manual-audit
11	парадокс	парадокс|парадоксальность|парадоксальный	APPROVE_OPAQUE_FAMILY	Tikhonov family reviewed; opaque root assignment is family-level. Compound members retain complete structures and are not opened by component-only matching.	manual-audit
12	бастион	бастион|бастионный	APPROVE_OPAQUE_FAMILY	Tikhonov family reviewed; opaque root assignment is family-level. Compound members retain complete structures and are not opened by component-only matching.	manual-audit
13	итог	итог|итоговый	APPROVE_OPAQUE_FAMILY	Tikhonov family reviewed; opaque root assignment is family-level. Compound members retain complete structures and are not opened by component-only matching.	manual-audit
14	меридиан	меридиан|меридианный	APPROVE_OPAQUE_FAMILY	Tikhonov family reviewed; opaque root assignment is family-level. Compound members retain complete structures and are not opened by component-only matching.	manual-audit
15	муссон	муссон|муссонный	APPROVE_OPAQUE_FAMILY	Tikhonov family reviewed; opaque root assignment is family-level. Compound members retain complete structures and are not opened by component-only matching.	manual-audit
16	нектар	нектар|нектарник|нектаронос	APPROVE_OPAQUE_FAMILY	Tikhonov family reviewed; opaque root assignment is family-level. Compound members retain complete structures and are not opened by component-only matching.	manual-audit
17	туннель	туннель|туннельный	APPROVE_OPAQUE_FAMILY	Tikhonov family reviewed; opaque root assignment is family-level. Compound members retain complete structures and are not opened by component-only matching.	manual-audit
18	аммиак	аммиак|аммиакат	APPROVE_OPAQUE_FAMILY	Tikhonov family reviewed; opaque root assignment is family-level. Compound members retain complete structures and are not opened by component-only matching.	manual-audit
19	аспирант	аспирант|аспирантка|аспирантский|аспирантура	APPROVE_OPAQUE_FAMILY	Tikhonov family reviewed; opaque root assignment is family-level. Compound members retain complete structures and are not opened by component-only matching.	manual-audit
20	балл	балл|балловый	APPROVE_OPAQUE_FAMILY	Tikhonov family reviewed; opaque root assignment is family-level. Compound members retain complete structures and are not opened by component-only matching.	manual-audit
21	барьер	барьер|барьерист|барьеристка|барьерный	APPROVE_OPAQUE_FAMILY	Tikhonov family reviewed; opaque root assignment is family-level. Compound members retain complete structures and are not opened by component-only matching.	manual-audit
22	кандидат	кандидат|кандидатка|кандидатский|кандидатура	APPROVE_OPAQUE_FAMILY	Tikhonov family reviewed; opaque root assignment is family-level. Compound members retain complete structures and are not opened by component-only matching.	manual-audit
23	кельт	кельт|кельтский	APPROVE_OPAQUE_FAMILY	Tikhonov family reviewed; opaque root assignment is family-level. Compound members retain complete structures and are not opened by component-only matching.	manual-audit
24	коллоид	коллоид|коллоидальный|коллоидный|коллоидообразование	APPROVE_OPAQUE_FAMILY	Tikhonov family reviewed; opaque root assignment is family-level. Compound members retain complete structures and are not opened by component-only matching.	manual-audit
25	компромисс	бескомпромиссный|компромисс|компромиссный	APPROVE_OPAQUE_FAMILY	Tikhonov family reviewed; opaque root assignment is family-level. Compound members retain complete structures and are not opened by component-only matching.	manual-audit
26	минус	минус|минусовый	APPROVE_OPAQUE_FAMILY	Tikhonov family reviewed; opaque root assignment is family-level. Compound members retain complete structures and are not opened by component-only matching.	manual-audit
27	префект	префект|префектура|супрефект	APPROVE_OPAQUE_FAMILY	Tikhonov family reviewed; opaque root assignment is family-level. Compound members retain complete structures and are not opened by component-only matching.	manual-audit
28	регент	регент|регентский|регентство|регентша	APPROVE_OPAQUE_FAMILY	Tikhonov family reviewed; opaque root assignment is family-level. Compound members retain complete structures and are not opened by component-only matching.	manual-audit
29	студент	студент|студентка	APPROVE_OPAQUE_FAMILY	Tikhonov family reviewed; opaque root assignment is family-level. Compound members retain complete structures and are not opened by component-only matching.	manual-audit
30	уйгур	уйгур|уйгурка|уйгурский	APPROVE_OPAQUE_FAMILY	Tikhonov family reviewed; opaque root assignment is family-level. Compound members retain complete structures and are not opened by component-only matching.	manual-audit
31	хитин	хитин|хитинный|хитиновый	APPROVE_OPAQUE_FAMILY	Tikhonov family reviewed; opaque root assignment is family-level. Compound members retain complete structures and are not opened by component-only matching.	manual-audit
32	эвенк	эвенк|эвенкийка|эвенкийский	APPROVE_OPAQUE_FAMILY	Tikhonov family reviewed; opaque root assignment is family-level. Compound members retain complete structures and are not opened by component-only matching.	manual-audit
33	азарт	азарт|азартничать|азартный	APPROVE_OPAQUE_FAMILY	Tikhonov family reviewed; opaque root assignment is family-level. Compound members retain complete structures and are not opened by component-only matching.	manual-audit
34	аскет	аскет|аскетизм|аскетический|аскетичный	APPROVE_OPAQUE_FAMILY	Tikhonov family reviewed; opaque root assignment is family-level. Compound members retain complete structures and are not opened by component-only matching.	manual-audit
35	базальт	базальт|базальтобетон|базальтовый	APPROVE_OPAQUE_FAMILY	Tikhonov family reviewed; opaque root assignment is family-level. Compound members retain complete structures and are not opened by component-only matching.	manual-audit
36	балкон	балкон|балконный|балкончик	APPROVE_OPAQUE_FAMILY	Tikhonov family reviewed; opaque root assignment is family-level. Compound members retain complete structures and are not opened by component-only matching.	manual-audit
37	бамбук	бамбук|бамбуковый	APPROVE_OPAQUE_FAMILY	Tikhonov family reviewed; opaque root assignment is family-level. Compound members retain complete structures and are not opened by component-only matching.	manual-audit
38	бизнес	бизнес|бизнесмен	APPROVE_OPAQUE_FAMILY	Tikhonov family reviewed; opaque root assignment is family-level. Compound members retain complete structures and are not opened by component-only matching.	manual-audit
39	бульон	бульон|бульонный	APPROVE_OPAQUE_FAMILY	Tikhonov family reviewed; opaque root assignment is family-level. Compound members retain complete structures and are not opened by component-only matching.	manual-audit
40	гарнизон	гарнизон|гарнизонный	APPROVE_OPAQUE_FAMILY	Tikhonov family reviewed; opaque root assignment is family-level. Compound members retain complete structures and are not opened by component-only matching.	manual-audit
41	гастроном	гастроном|гастрономический|гастрономия	APPROVE_OPAQUE_FAMILY	Tikhonov family reviewed; opaque root assignment is family-level. Compound members retain complete structures and are not opened by component-only matching.	manual-audit
42	герцог	герцог|герцогиня|герцогский|герцогство	APPROVE_OPAQUE_FAMILY	Tikhonov family reviewed; opaque root assignment is family-level. Compound members retain complete structures and are not opened by component-only matching.	manual-audit
43	депутат	депутат|депутатка|депутатский	APPROVE_OPAQUE_FAMILY	Tikhonov family reviewed; opaque root assignment is family-level. Compound members retain complete structures and are not opened by component-only matching.	manual-audit
44	дуэль	дуэль|дуэльный	APPROVE_OPAQUE_FAMILY	Tikhonov family reviewed; opaque root assignment is family-level. Compound members retain complete structures and are not opened by component-only matching.	manual-audit
45	инвалид	инвалид|инвалидка|инвалидность|инвалидный	APPROVE_OPAQUE_FAMILY	Tikhonov family reviewed; opaque root assignment is family-level. Compound members retain complete structures and are not opened by component-only matching.	manual-audit
46	июнь	июнь|июньский	APPROVE_OPAQUE_FAMILY	Tikhonov family reviewed; opaque root assignment is family-level. Compound members retain complete structures and are not opened by component-only matching.	manual-audit
47	кантон	кантон|кантональный|кантонист|кантонистский	APPROVE_OPAQUE_FAMILY	Tikhonov family reviewed; opaque root assignment is family-level. Compound members retain complete structures and are not opened by component-only matching.	manual-audit
48	контраст	контраст|контрастировать|контрастность|контрастный	APPROVE_OPAQUE_FAMILY	Tikhonov family reviewed; opaque root assignment is family-level. Compound members retain complete structures and are not opened by component-only matching.	manual-audit
49	кумык	кумык|кумыкский	APPROVE_OPAQUE_FAMILY	Tikhonov family reviewed; opaque root assignment is family-level. Compound members retain complete structures and are not opened by component-only matching.	manual-audit
50	курьер	дипкурьер|курьер|курьерский	APPROVE_OPAQUE_FAMILY	Tikhonov family reviewed; opaque root assignment is family-level. Compound members retain complete structures and are not opened by component-only matching.	manual-audit
51	легион	легион|легионер	APPROVE_OPAQUE_FAMILY	Tikhonov family reviewed; opaque root assignment is family-level. Compound members retain complete structures and are not opened by component-only matching.	manual-audit
52	медаль	медаль|медальер|медальерный|медальный	APPROVE_OPAQUE_FAMILY	Tikhonov family reviewed; opaque root assignment is family-level. Compound members retain complete structures and are not opened by component-only matching.	manual-audit
53	медальон	медальон|медальонный|медальончик	APPROVE_OPAQUE_FAMILY	Tikhonov family reviewed; opaque root assignment is family-level. Compound members retain complete structures and are not opened by component-only matching.	manual-audit
54	мешок	вещмешок|мешок	APPROVE_OPAQUE_FAMILY	Tikhonov family reviewed; opaque root assignment is family-level. Compound members retain complete structures and are not opened by component-only matching.	manual-audit
55	москит	москит|москитный	APPROVE_OPAQUE_FAMILY	Tikhonov family reviewed; opaque root assignment is family-level. Compound members retain complete structures and are not opened by component-only matching.	manual-audit
56	негатив	негатив|негативизм|негативный	APPROVE_OPAQUE_FAMILY	Tikhonov family reviewed; opaque root assignment is family-level. Compound members retain complete structures and are not opened by component-only matching.	manual-audit
57	неприятель	неприятель|неприятельский	APPROVE_OPAQUE_FAMILY	Tikhonov family reviewed; opaque root assignment is family-level. Compound members retain complete structures and are not opened by component-only matching.	manual-audit
58	нюанс	нюанс|нюансированный|нюансировать|нюансироваться|нюансировка	APPROVE_OPAQUE_FAMILY	Tikhonov family reviewed; opaque root assignment is family-level. Compound members retain complete structures and are not opened by component-only matching.	manual-audit
59	отель	отель|отельный	APPROVE_OPAQUE_FAMILY	Tikhonov family reviewed; opaque root assignment is family-level. Compound members retain complete structures and are not opened by component-only matching.	manual-audit
60	перрон	перрон|перронный	APPROVE_OPAQUE_FAMILY	Tikhonov family reviewed; opaque root assignment is family-level. Compound members retain complete structures and are not opened by component-only matching.	manual-audit
61	протестант	протестант|протестантизм|протестантка|протестантский|протестантство	APPROVE_OPAQUE_FAMILY	Tikhonov family reviewed; opaque root assignment is family-level. Compound members retain complete structures and are not opened by component-only matching.	manual-audit
62	рейх	рейх|рейхсвер|рейхсканцлер|рейхсрат|рейхстаг	APPROVE_OPAQUE_FAMILY	Tikhonov family reviewed; opaque root assignment is family-level. Compound members retain complete structures and are not opened by component-only matching.	manual-audit
63	рояль	рояль|рояльный	APPROVE_OPAQUE_FAMILY	Tikhonov family reviewed; opaque root assignment is family-level. Compound members retain complete structures and are not opened by component-only matching.	manual-audit
64	ртуть	ртуть|ртутьорганический	APPROVE_OPAQUE_FAMILY	Tikhonov family reviewed; opaque root assignment is family-level. Compound members retain complete structures and are not opened by component-only matching.	manual-audit
65	симплекс	симплекс|симплексный	APPROVE_OPAQUE_FAMILY	Tikhonov family reviewed; opaque root assignment is family-level. Compound members retain complete structures and are not opened by component-only matching.	manual-audit
66	сквер	сквер|скверик	APPROVE_OPAQUE_FAMILY	Tikhonov family reviewed; opaque root assignment is family-level. Compound members retain complete structures and are not opened by component-only matching.	manual-audit
67	скелет	скелет|скелетный	APPROVE_OPAQUE_FAMILY	Tikhonov family reviewed; opaque root assignment is family-level. Compound members retain complete structures and are not opened by component-only matching.	manual-audit
68	сюзерен	сюзерен|сюзеренитет|сюзеренный	APPROVE_OPAQUE_FAMILY	Tikhonov family reviewed; opaque root assignment is family-level. Compound members retain complete structures and are not opened by component-only matching.	manual-audit
69	транзит	транзит|транзитный	APPROVE_OPAQUE_FAMILY	Tikhonov family reviewed; opaque root assignment is family-level. Compound members retain complete structures and are not opened by component-only matching.	manual-audit
70	трос	трос|тросовый	APPROVE_OPAQUE_FAMILY	Tikhonov family reviewed; opaque root assignment is family-level. Compound members retain complete structures and are not opened by component-only matching.	manual-audit
71	тротуар	тротуар|тротуарный	APPROVE_OPAQUE_FAMILY	Tikhonov family reviewed; opaque root assignment is family-level. Compound members retain complete structures and are not opened by component-only matching.	manual-audit
72	трюк	трюк|трюкач|трюкаческий|трюкачество|трюковый	APPROVE_OPAQUE_FAMILY	Tikhonov family reviewed; opaque root assignment is family-level. Compound members retain complete structures and are not opened by component-only matching.	manual-audit
73	улус	улус|улусный	APPROVE_OPAQUE_FAMILY	Tikhonov family reviewed; opaque root assignment is family-level. Compound members retain complete structures and are not opened by component-only matching.	manual-audit
74	ураган	ураган|ураганный	APPROVE_OPAQUE_FAMILY	Tikhonov family reviewed; opaque root assignment is family-level. Compound members retain complete structures and are not opened by component-only matching.	manual-audit
75	фасет	фасет|фасетка|фасеточный	APPROVE_OPAQUE_FAMILY	Tikhonov family reviewed; opaque root assignment is family-level. Compound members retain complete structures and are not opened by component-only matching.	manual-audit
76	фейерверк	фейерверк|фейерверкер	APPROVE_OPAQUE_FAMILY	Tikhonov family reviewed; opaque root assignment is family-level. Compound members retain complete structures and are not opened by component-only matching.	manual-audit
77	фенол	фенол|феноловый	APPROVE_OPAQUE_FAMILY	Tikhonov family reviewed; opaque root assignment is family-level. Compound members retain complete structures and are not opened by component-only matching.	manual-audit
78	флюид	флюид|флюидальный	APPROVE_OPAQUE_FAMILY	Tikhonov family reviewed; opaque root assignment is family-level. Compound members retain complete structures and are not opened by component-only matching.	manual-audit
79	формуляр	формуляр|формулярный	APPROVE_OPAQUE_FAMILY	Tikhonov family reviewed; opaque root assignment is family-level. Compound members retain complete structures and are not opened by component-only matching.	manual-audit
80	фрагмент	фрагмент|фрагментарный	APPROVE_OPAQUE_FAMILY	Tikhonov family reviewed; opaque root assignment is family-level. Compound members retain complete structures and are not opened by component-only matching.	manual-audit
81	хунхуз	хунхуз|хунхузский	APPROVE_OPAQUE_FAMILY	Tikhonov family reviewed; opaque root assignment is family-level. Compound members retain complete structures and are not opened by component-only matching.	manual-audit
82	экзот	экзот|экзотика|экзотический|экзотичный	APPROVE_OPAQUE_FAMILY	Tikhonov family reviewed; opaque root assignment is family-level. Compound members retain complete structures and are not opened by component-only matching.	manual-audit
83	юкагир	юкагир|юкагирка|юкагирский	APPROVE_OPAQUE_FAMILY	Tikhonov family reviewed; opaque root assignment is family-level. Compound members retain complete structures and are not opened by component-only matching.	manual-audit
84	якут	якут|якутка|якутский|якутянин	APPROVE_OPAQUE_FAMILY	Tikhonov family reviewed; opaque root assignment is family-level. Compound members retain complete structures and are not opened by component-only matching.	manual-audit
85	абзац		APPROVE_OPAQUE_FAMILY	Tier B family review: coherent Tikhonov opaque family; compound members retain complete structures.	manual-audit
86	аспект		APPROVE_OPAQUE_FAMILY	Tier B family review: coherent Tikhonov opaque family; compound members retain complete structures.	manual-audit
87	бретер		APPROVE_OPAQUE_FAMILY	Tier B family review: coherent Tikhonov opaque family; homonym risk reviewed and accepted.	manual-audit
88	вакуоль		APPROVE_OPAQUE_FAMILY	Tier B family review: coherent Tikhonov opaque family; homonym risk reviewed and accepted.	manual-audit
89	гейзер		APPROVE_OPAQUE_FAMILY	Tier B family review: coherent Tikhonov opaque family; technical derivative reviewed.	manual-audit
90	гектар		APPROVE_OPAQUE_FAMILY	Tier B family review: coherent Tikhonov opaque family; compound members retain complete structures.	manual-audit
91	градиент		APPROVE_OPAQUE_FAMILY	Tier B family review: coherent Tikhonov opaque family; technical derivative reviewed.	manual-audit
92	департамент		APPROVE_OPAQUE_FAMILY	Tier B family review: coherent Tikhonov opaque family; proper-name risk reviewed and accepted.	manual-audit
93	катет		APPROVE_OPAQUE_FAMILY	Tier B family review: coherent Tikhonov opaque family; technical derivative reviewed.	manual-audit
94	лазер		APPROVE_OPAQUE_FAMILY	Tier B family review: coherent Tikhonov opaque family; technical derivatives reviewed.	manual-audit
95	регион		APPROVE_OPAQUE_FAMILY	Tier B family review: coherent Tikhonov opaque family; compound members retain complete structures.	manual-audit
96	стационар		APPROVE_OPAQUE_FAMILY	Tier B family review: coherent Tikhonov opaque family; compound members retain complete structures.	manual-audit
97	стратег		APPROVE_OPAQUE_FAMILY	Tier B family review: coherent Tikhonov opaque family; compound members retain complete structures.	manual-audit
98	шельф		APPROVE_OPAQUE_FAMILY	Tier B family review: coherent Tikhonov opaque family; compound members retain complete structures.	manual-audit
99	эндем		APPROVE_OPAQUE_FAMILY	Tier B family review: coherent Tikhonov opaque family; proper-name/homonym risk reviewed and accepted.	manual-audit
100	экватор		APPROVE_OPAQUE_FAMILY	Tier B family review: coherent Tikhonov opaque family; compound members retain complete structures.	manual-audit
101	этап		APPROVE_OPAQUE_FAMILY	Tier B family review: coherent Tikhonov opaque family; compound members retain complete structures.	manual-audit
102	факультет		APPROVE_OPAQUE_FAMILY	Tier B family review: coherent Tikhonov opaque family; compound members retain complete structures.	manual-audit
