rank	unique_lemmas	occurrences	guess	reasons	root_families	articles
1	89	803	простою	lexeme,root	2	22
2	88	798	простой	exact,lexeme,root	2	22
3	84	774	устою	root	2	22
4	84	774	устой	root	2	22
5	83	768	представим	exact,lexeme,root	1	22
6	83	767	устояться	lexeme,root	1	22
7	83	767	устоять	root	1	22
8	83	767	устойчивый	lexeme,root	1	22
9	83	767	устаток	root	1	22
10	83	767	установщик	root	1	22
11	83	767	установочный	root	1	22
12	83	767	установленных	lexeme,root	1	22
13	83	767	установленными	lexeme,root	1	22
14	83	767	установленным	lexeme,root	1	22
15	83	767	установленный	lexeme,root	1	22
16	83	767	установленные	lexeme,root	1	22
17	83	767	установленную	lexeme,root	1	22
18	83	767	установленною	lexeme,root	1	22
19	83	767	установленному	lexeme,root	1	22
20	83	767	установленном	lexeme,root	1	22
21	83	767	установленной	lexeme,root	1	22
22	83	767	установленное	lexeme,root	1	22
23	83	767	установленного	lexeme,root	1	22
24	83	767	установиться	lexeme,root	1	22
25	83	767	установитель	root	1	22
26	83	767	устанавливаться	lexeme,root	1	22
27	83	767	устанавливать	lexeme,root	1	22
28	83	767	устаиваться	root	1	22
29	83	767	устаивать	root	1	22
30	83	767	уставясь	root	1	22
31	83	767	уставляться	root	1	22
32	83	767	уставлять	root	1	22
33	83	767	уставиться	root	1	22
34	83	767	уставить	root	1	22
35	83	767	удостоиться	root	1	22
36	83	767	удостоить	root	1	22
37	83	767	удостаиваться	root	1	22
38	83	767	удостаивать	root	1	22
39	83	767	супостатка	root	1	22
40	83	767	супостат	root	1	22
41	83	767	стоящую	lexeme,root	1	22
42	83	767	стоящих	lexeme,root	1	22
43	83	767	стоящими	lexeme,root	1	22
44	83	767	стоящим	lexeme,root	1	22
45	83	767	стоящий	lexeme,root	1	22
46	83	767	стоящие	lexeme,root	1	22
47	83	767	стоящею	lexeme,root	1	22
48	83	767	стоящему	lexeme,root	1	22
49	83	767	стоящем	lexeme,root	1	22
50	83	767	стоящей	lexeme,root	1	22
51	83	767	стоящее	lexeme,root	1	22
52	83	767	стоящего	lexeme,root	1	22
53	83	767	стоящая	lexeme,root	1	22
54	83	767	стоячок	root	1	22
55	83	767	стоячий	root	1	22
56	83	767	стоят	lexeme,root	1	22
57	83	767	стояночный	root	1	22
58	83	767	стоянка	root	1	22
59	83	767	стояние	root	1	22
60	83	767	стоялый	root	1	22
61	83	767	стоялец	root	1	22
62	83	767	стояковый	root	1	22
63	83	767	стояков	root	1	22
64	83	767	стояк	root	1	22
65	83	767	стоя	lexeme,root	1	22
66	83	767	стою	lexeme,root	1	22
67	83	767	стойте	lexeme,root	1	22
68	83	767	стоймя	root	1	22
69	83	767	стойловый	root	1	22
70	83	767	стойло	root	1	22
71	83	767	стойлице	root	1	22
72	83	767	стойкою	root	1	22
73	83	767	стойкость	root	1	22
74	83	767	стойком	root	1	22
75	83	767	стойкой	root	1	22
76	83	767	стойко	root	1	22
77	83	767	стойкий	root	1	22
78	83	767	стойки	root	1	22
79	83	767	стойка	root	1	22
80	83	767	стойбищный	root	1	22
81	83	767	стойбище	root	1	22
82	83	767	стой	lexeme,root	1	22
83	83	767	стоишь	lexeme,root	1	22
84	83	767	стоить	lexeme,root	1	22
85	83	767	стоите	lexeme,root	1	22
86	83	767	стоимость	root	1	22
87	83	767	стоимостный	root	1	22
88	83	767	стоим	lexeme,root	1	22
89	83	767	стоило	lexeme,root	1	22
90	83	767	стоечный	root	1	22
91	83	767	стоечка	root	1	22
92	83	767	стоек	root	1	22
93	83	767	стая	root	1	22
94	83	767	стают	root	2	22
95	83	767	стаю	root	2	22
96	83	767	статью	lexeme,root	1	22
97	83	767	статься	root	1	22
98	83	767	статьишка	root	1	22
99	83	767	стать	lexeme,root	1	22
100	83	767	статочный	root	1	22
