guess	opened_targets	article_count	target_count	proofs	review_status	group	risk_flags
его	она,они,оно	23	3	manual_accept:v1	SAFE	pymorphy_outside	external_guess,short,fanout:3
ему	она,они,оно	23	3	manual_accept:v1	SAFE	ambiguous_form	external_guess,short,fanout:3
им	он,она,оно	23	3	manual_accept:v1	SAFE	ambiguous_form	external_guess,short,fanout:3
ним	он,она,оно	23	3	manual_accept:v1	SAFE	ambiguous_form	external_guess,short,fanout:3
он	она,они,оно	23	3	manual_accept:v1	SAFE	pymorphy_outside	short,fanout:3
они	он,она,оно	23	3	manual_accept:v1	SAFE	pymorphy_outside	short,fanout:3
оно	он,она,они	23	3	manual_accept:v1	SAFE	pymorphy_outside	short,fanout:3
ея	он,они,оно	21	3	manual_accept:v1	SAFE	pymorphy_outside	external_guess,short,fanout:3
нею	он,они,оно	21	3	manual_accept:v1	SAFE	ambiguous_form	external_guess,short,fanout:3
она	он,они,оно	21	3	manual_accept:v1	SAFE	pymorphy_outside	short,fanout:3
пчела	пчелиный,пчеловод,пчеловодство	2	3	relational_adjective:иный:v1	SAFE	graph_node	pos:NOUN/ADJF,homonym_prone_proof,fanout:3
него	она,они	23	2	manual_accept:v1	SAFE	ambiguous_form	external_guess,ambiguous,short,fanout:2
нему	она,они	23	2	manual_accept:v1	SAFE	ambiguous_form	external_guess,ambiguous,short,fanout:2
место	вместе,местный	12	2	place_adverb:v1	SAFE	graph_node	pos:NOUN/ADVB,fanout:2
вводить	ввести,вывести	8	2	verbal_aspect:alt:ить/ти:v1	SAFE	graph_node	,fanout:2
дневный	день,дневной	8	2	manual_accept:v1	SAFE	pymorphy_outside	pos:ADJF/NOUN,fanout:2
пятой	пятеро,пять	6	2	ordinal:v1	SAFE	ambiguous_form	external_guess,pos:ANUM/NUMR,fanout:2
пятый	пятеро,пять	6	2	ordinal:v1	SAFE	graph_node	pos:ANUM/NUMR,fanout:2
ледник	лед,ледниковый	4	2	lemma_suffix:ник:v1	SAFE	graph_node	external_guess,short,homonym_prone_proof,fanout:2
день	дневной,дневный	2	2	manual_accept:v1	SAFE	graph_node	pos:NOUN/ADJF,fanout:2
днем	дневной,дневный	2	2	manual_accept:v1	SAFE	graph_node	external_guess,pos:NOUN/ADJF,fanout:2
днями	дневной,дневный	2	2	manual_accept:v1	SAFE	pymorphy_outside	external_guess,pos:NOUN/ADJF,fanout:2
днём	дневной,дневный	2	2	manual_accept:v1	SAFE	ambiguous_form	external_guess,pos:NOUN/ADJF,fanout:2
мед	медовый,медоносный	2	2	relational_adjective:овый:v1	SAFE	graph_node	short,pos:NOUN/ADJF,homonym_prone_proof,fanout:2
совет	советник,советский	2	2	lemma_suffix:ник:v1	SAFE	graph_node	homonym_prone_proof,fanout:2
единственный	один	20	1	manual_accept:v1	SAFE	graph_node	pos:ADJF/ANUM
больший	большой	17	1	manual_accept:v1	SAFE	pymorphy_outside	
областной	область	17	1	relational_adjective:ной:v1	SAFE	graph_node	external_guess,pos:ADJF/NOUN,homonym_prone_proof
частное	часть	17	1	relational_adjective:ный:v1	SAFE	graph_node	external_guess,pos:ADJF/NOUN
частном	часть	17	1	relational_adjective:ный:v1	SAFE	ambiguous_form	external_guess,pos:ADJF/NOUN
частному	часть	17	1	relational_adjective:ный:v1	SAFE	ambiguous_form	external_guess,pos:ADJF/NOUN
частные	часть	17	1	relational_adjective:ный:v1	SAFE	ambiguous_form	external_guess,pos:ADJF/NOUN
частный	часть	17	1	relational_adjective:ный:v1	SAFE	graph_node	pos:ADJF/NOUN,homonym_prone_proof
частным	часть	17	1	relational_adjective:ный:v1	SAFE	ambiguous_form	external_guess,pos:ADJF/NOUN
частными	часть	17	1	relational_adjective:ный:v1	SAFE	ambiguous_form	external_guess,pos:ADJF/NOUN
частных	часть	17	1	relational_adjective:ный:v1	SAFE	ambiguous_form	external_guess,pos:ADJF/NOUN
свойский	свой	16	1	lemma_suffix:ский:v1	SAFE	graph_node	external_guess,homonym_prone_proof
большой	больший	14	1	manual_accept:v1	SAFE	graph_node	
велик	больший	14	1	manual_accept:v1	SAFE	pymorphy_outside	
велика	больший	14	1	manual_accept:v1	SAFE	ambiguous_form	external_guess
вскоре	скорость	14	1	place_adverb:v1	SAFE	graph_node	pos:ADVB/NOUN
степенный	степень	14	1	relational_adjective:ный:v1	SAFE	graph_node	pos:ADJF/NOUN,homonym_prone_proof
рядный	ряд	13	1	relational_adjective:ный:v1	SAFE	graph_node	external_guess,short,pos:ADJF/NOUN,homonym_prone_proof
рядской	ряд	13	1	relational_adjective:ской:v1	SAFE	graph_node	external_guess,short,pos:ADJF/NOUN,homonym_prone_proof
вместе	место	12	1	place_adverb:v1	SAFE	graph_node	pos:ADVB/NOUN
возникнуть	возникать	12	1	verbal_aspect:same:ать/нуть:v1	SAFE	graph_node	
местный	место	12	1	relational_adjective:ный:v1	SAFE	graph_node	pos:ADJF/NOUN,homonym_prone_proof
один	единственный	12	1	manual_accept:v1	SAFE	graph_node	pos:ANUM/ADJF
получать	получить	12	1	verbal_aspect:same:ать/ить:v1	SAFE	graph_node	
вновь	новый	11	1	manual_accept:v1	SAFE	graph_node	pos:ADVB/ADJF
законник	закон	10	1	lemma_suffix:ник:v1	SAFE	graph_node	external_guess,ambiguous,homonym_prone_proof
законника	закон	10	1	lemma_suffix:ник:v1	SAFE	ambiguous_form	external_guess,ambiguous
законникам	закон	10	1	lemma_suffix:ник:v1	SAFE	ambiguous_form	external_guess,ambiguous
законниками	закон	10	1	lemma_suffix:ник:v1	SAFE	ambiguous_form	external_guess,ambiguous
законниках	закон	10	1	lemma_suffix:ник:v1	SAFE	ambiguous_form	external_guess,ambiguous
законнике	закон	10	1	lemma_suffix:ник:v1	SAFE	ambiguous_form	external_guess,ambiguous
законники	закон	10	1	lemma_suffix:ник:v1	SAFE	ambiguous_form	external_guess,ambiguous
законников	закон	10	1	lemma_suffix:ник:v1	SAFE	ambiguous_form	external_guess,ambiguous
законником	закон	10	1	lemma_suffix:ник:v1	SAFE	ambiguous_form	external_guess,ambiguous
законнику	закон	10	1	lemma_suffix:ник:v1	SAFE	ambiguous_form	external_guess,ambiguous
мерный	мера	10	1	relational_adjective:ный:v1	SAFE	graph_node	pos:ADJF/NOUN,homonym_prone_proof
мирного	мир	10	1	relational_adjective:ный:v1	SAFE	ambiguous_form	external_guess,short,pos:ADJF/NOUN
мирному	мир	10	1	relational_adjective:ный:v1	SAFE	ambiguous_form	external_guess,short,pos:ADJF/NOUN
мирным	мир	10	1	relational_adjective:ный:v1	SAFE	ambiguous_form	external_guess,short,pos:ADJF/NOUN
привести	приводить	10	1	verbal_aspect:alt:ить/ти:v1	SAFE	graph_node	
сторонний	сторона	10	1	relational_adjective:ний:v1	SAFE	graph_node	pos:ADJF/NOUN,homonym_prone_proof
водный	вода	9	1	relational_adjective:ный:v1	SAFE	graph_node	pos:ADJF/NOUN,homonym_prone_proof
водовод	вода	9	1	profession:v1	SAFE	pymorphy_outside	external_guess
глав	главный	9	1	relational_adjective:ный:v1	SAFE	ambiguous_form	external_guess,ambiguous,pos:NOUN/ADJF
глава	главный	9	1	relational_adjective:ный:v1	SAFE	graph_node	pos:NOUN/ADJF,homonym_prone_proof
главам	главный	9	1	relational_adjective:ный:v1	SAFE	ambiguous_form	external_guess,pos:NOUN/ADJF
главами	главный	9	1	relational_adjective:ный:v1	SAFE	ambiguous_form	external_guess,pos:NOUN/ADJF
главах	главный	9	1	relational_adjective:ный:v1	SAFE	ambiguous_form	external_guess,pos:NOUN/ADJF
главе	главный	9	1	relational_adjective:ный:v1	SAFE	ambiguous_form	external_guess,pos:NOUN/ADJF
главой	главный	9	1	relational_adjective:ный:v1	SAFE	ambiguous_form	external_guess,pos:NOUN/ADJF
главу	главный	9	1	relational_adjective:ный:v1	SAFE	ambiguous_form	external_guess,pos:NOUN/ADJF
главы	главный	9	1	relational_adjective:ный:v1	SAFE	ambiguous_form	external_guess,pos:NOUN/ADJF
свобода	свободный	9	1	relational_adjective:ный:v1	SAFE	graph_node	pos:NOUN/ADJF,homonym_prone_proof
характер	характерный	9	1	relational_adjective:ный:v1	SAFE	graph_node	pos:NOUN/ADJF,homonym_prone_proof
волновод	волна	8	1	profession:v1	SAFE	pymorphy_outside	external_guess
вопросник	вопрос	8	1	lemma_suffix:ник:v1	SAFE	graph_node	external_guess,homonym_prone_proof
денной	день	8	1	relational_adjective:ной:v1	SAFE	graph_node	external_guess,pos:ADJF/NOUN,homonym_prone_proof
дневная	день	8	1	manual_accept:v1	SAFE	ambiguous_form	external_guess,ambiguous,pos:ADJF/NOUN
дневного	день	8	1	manual_accept:v1	SAFE	ambiguous_form	external_guess,ambiguous,pos:ADJF/NOUN
дневное	день	8	1	manual_accept:v1	SAFE	ambiguous_form	external_guess,ambiguous,pos:ADJF/NOUN
дневной	день	8	1	manual_accept:v1	SAFE	graph_node	ambiguous,pos:ADJF/NOUN
дневном	день	8	1	manual_accept:v1	SAFE	ambiguous_form	external_guess,ambiguous,pos:ADJF/NOUN
дневному	день	8	1	manual_accept:v1	SAFE	ambiguous_form	external_guess,ambiguous,pos:ADJF/NOUN
дневною	день	8	1	manual_accept:v1	SAFE	ambiguous_form	external_guess,ambiguous,pos:ADJF/NOUN
дневную	день	8	1	manual_accept:v1	SAFE	ambiguous_form	external_guess,ambiguous,pos:ADJF/NOUN
дневные	день	8	1	manual_accept:v1	SAFE	ambiguous_form	external_guess,ambiguous,pos:ADJF/NOUN
дневным	день	8	1	manual_accept:v1	SAFE	ambiguous_form	external_guess,ambiguous,pos:ADJF/NOUN
дневными	день	8	1	manual_accept:v1	SAFE	ambiguous_form	external_guess,ambiguous,pos:ADJF/NOUN
дневных	день	8	1	manual_accept:v1	SAFE	ambiguous_form	external_guess,ambiguous,pos:ADJF/NOUN
магнит	магнитный	8	1	relational_adjective:ный:v1	SAFE	graph_node	pos:NOUN/ADJF,homonym_prone_proof
окружить	окружать	8	1	verbal_aspect:same:ать/ить:v1	SAFE	graph_node	
включить	включать	7	1	verbal_aspect:same:ать/ить:v1	SAFE	graph_node	external_guess
газовый	газ	7	1	relational_adjective:овый:v1	SAFE	graph_node	short,pos:ADJF/NOUN,homonym_prone_proof
классный	класс	7	1	relational_adjective:ный:v1	SAFE	graph_node	external_guess,pos:ADJF/NOUN,homonym_prone_proof
классовый	класс	7	1	relational_adjective:овый:v1	SAFE	graph_node	external_guess,pos:ADJF/NOUN,homonym_prone_proof
кончать	конец	7	1	manual_accept:v1	SAFE	graph_node	external_guess,pos:VERB/NOUN
обрат	обратный	7	1	relational_adjective:ный:v1	SAFE	graph_node	external_guess,pos:NOUN/ADJF,homonym_prone_proof
планетный	планета	7	1	relational_adjective:ный:v1	SAFE	graph_node	external_guess,pos:ADJF/NOUN,homonym_prone_proof
получить	получать	7	1	verbal_aspect:same:ать/ить:v1	SAFE	graph_node	
путевый	путь	7	1	relational_adjective:евый:v1	SAFE	graph_node	external_guess,pos:ADJF/NOUN,homonym_prone_proof
путный	путь	7	1	relational_adjective:ный:v1	SAFE	graph_node	external_guess,pos:ADJF/NOUN,homonym_prone_proof
разов	раз	7	1	relational_adjective:овый:v1	SAFE	pymorphy_outside	external_guess,short,pos:ADJF/NOUN
разова	раз	7	1	relational_adjective:овый:v1	SAFE	ambiguous_form	external_guess,short,pos:ADJF/NOUN
разовой	раз	7	1	relational_adjective:овый:v1	SAFE	ambiguous_form	external_guess,short,pos:ADJF/NOUN
разовы	раз	7	1	relational_adjective:овый:v1	SAFE	ambiguous_form	external_guess,short,pos:ADJF/NOUN
разовый	раз	7	1	relational_adjective:овый:v1	SAFE	graph_node	external_guess,short,pos:ADJF/NOUN,homonym_prone_proof
разовым	раз	7	1	relational_adjective:овый:v1	SAFE	ambiguous_form	external_guess,short,pos:ADJF/NOUN
разовыми	раз	7	1	relational_adjective:овый:v1	SAFE	ambiguous_form	external_guess,short,pos:ADJF/NOUN
части	частный	7	1	relational_adjective:ный:v1	SAFE	ambiguous_form	external_guess,pos:NOUN/ADJF
часть	частный	7	1	relational_adjective:ный:v1	SAFE	graph_node	pos:NOUN/ADJF,homonym_prone_proof
частью	частный	7	1	relational_adjective:ный:v1	SAFE	graph_node	external_guess,pos:NOUN/ADJF
членный	член	7	1	relational_adjective:ный:v1	SAFE	graph_node	external_guess,pos:ADJF/NOUN,homonym_prone_proof
членский	член	7	1	relational_adjective:ский:v1	SAFE	graph_node	external_guess,pos:ADJF/NOUN,homonym_prone_proof
ядровый	ядро	7	1	relational_adjective:овый:v1	SAFE	graph_node	external_guess,pos:ADJF/NOUN,homonym_prone_proof
дальний	дальнейший	6	1	adjective_degree:ейший:v1	SAFE	graph_node	
достигнуть	достигать	6	1	verbal_aspect:same:ать/нуть:v1	SAFE	graph_node	
достичь	достигать	6	1	verbal_aspect:same:ать/нуть:v1	SAFE	graph_node	external_guess
парный	пара	6	1	relational_adjective:ный:v1	SAFE	graph_node	pos:ADJF/NOUN,homonym_prone_proof
приводить	привести	6	1	verbal_aspect:alt:ить/ти:v1	SAFE	graph_node	
примениться	применяться	6	1	verbal_aspect:same:иться/яться:v1	SAFE	graph_node	external_guess
характерно	характер	6	1	relational_adjective:ный:v1	SAFE	pymorphy_outside	external_guess,pos:ADJF/NOUN
характерный	характер	6	1	relational_adjective:ный:v1	SAFE	graph_node	pos:ADJF/NOUN,homonym_prone_proof
языковый	язык	6	1	relational_adjective:овый:v1	SAFE	graph_node	pos:ADJF/NOUN,homonym_prone_proof
верх	верхний	5	1	relational_adjective:ний:v1	SAFE	graph_node	external_guess,pos:NOUN/ADJF,homonym_prone_proof
возникать	возникнуть	5	1	verbal_aspect:same:ать/нуть:v1	SAFE	graph_node	
выполнить	выполнять	5	1	verbal_aspect:same:ить/ять:v1	SAFE	graph_node	
выполниться	выполняться	5	1	verbal_aspect:same:иться/яться:v1	SAFE	graph_node	external_guess
газ	газовый	5	1	relational_adjective:овый:v1	SAFE	graph_node	short,pos:NOUN/ADJF,homonym_prone_proof
газа	газовый	5	1	relational_adjective:овый:v1	SAFE	pymorphy_outside	external_guess,pos:NOUN/ADJF
газе	газовый	5	1	relational_adjective:овый:v1	SAFE	ambiguous_form	external_guess,pos:NOUN/ADJF
знаковый	знак	5	1	lemma_suffix:овый:v1	SAFE	graph_node	external_guess,pos:ADJF/NOUN,homonym_prone_proof
летний	лето	5	1	relational_adjective:ний:v1	SAFE	graph_node	pos:ADJF/NOUN,homonym_prone_proof
майник	май	5	1	lemma_suffix:ник:v1	SAFE	graph_node	external_guess,short,homonym_prone_proof
майский	май	5	1	lemma_suffix:ский:v1	SAFE	graph_node	short,pos:ADJF/NOUN,homonym_prone_proof
мера	мерный	5	1	relational_adjective:ный:v1	SAFE	graph_node	pos:NOUN/ADJF,homonym_prone_proof
ноябрьский	ноябрь	5	1	lemma_suffix:ский:v1	SAFE	graph_node	external_guess,pos:ADJF/NOUN,homonym_prone_proof
ноябрьском	ноябрь	5	1	lemma_suffix:ский:v1	SAFE	ambiguous_form	external_guess,pos:ADJF/NOUN
обобщать	обобщить	5	1	verbal_aspect:same:ать/ить:v1	SAFE	graph_node	
опытник	опыт	5	1	lemma_suffix:ник:v1	SAFE	graph_node	external_guess,homonym_prone_proof
отделять	отделить	5	1	verbal_aspect:same:ить/ять:v1	SAFE	graph_node	external_guess
плановый	план	5	1	relational_adjective:овый:v1	SAFE	graph_node	external_guess,pos:ADJF/NOUN,homonym_prone_proof
предметник	предмет	5	1	lemma_suffix:ник:v1	SAFE	graph_node	external_guess,homonym_prone_proof
вера	верный	4	1	relational_adjective:ный:v1	SAFE	graph_node	pos:NOUN/ADJF,homonym_prone_proof
вере	верный	4	1	relational_adjective:ный:v1	SAFE	ambiguous_form	external_guess,pos:NOUN/ADJF
верой	верный	4	1	relational_adjective:ный:v1	SAFE	ambiguous_form	external_guess,pos:NOUN/ADJF
верою	верный	4	1	relational_adjective:ный:v1	SAFE	ambiguous_form	external_guess,pos:NOUN/ADJF
веру	верный	4	1	relational_adjective:ный:v1	SAFE	ambiguous_form	external_guess,pos:NOUN/ADJF
веры	верный	4	1	relational_adjective:ный:v1	SAFE	ambiguous_form	external_guess,pos:NOUN/ADJF
выделить	выделять	4	1	verbal_aspect:same:ить/ять:v1	SAFE	graph_node	
выделиться	выделяться	4	1	verbal_aspect:same:иться/яться:v1	SAFE	graph_node	external_guess
выступить	выступать	4	1	verbal_aspect:same:ать/ить:v1	SAFE	graph_node	external_guess
горный	гора	4	1	relational_adjective:ный:v1	SAFE	graph_node	pos:ADJF/NOUN,homonym_prone_proof
городские	город	4	1	relational_adjective:ской:v1	SAFE	ambiguous_form	external_guess,ambiguous,pos:ADJF/NOUN
городским	город	4	1	relational_adjective:ской:v1	SAFE	ambiguous_form	external_guess,pos:ADJF/NOUN
городскими	город	4	1	relational_adjective:ской:v1	SAFE	ambiguous_form	external_guess,pos:ADJF/NOUN
городских	город	4	1	relational_adjective:ской:v1	SAFE	ambiguous_form	external_guess,pos:ADJF/NOUN
городского	город	4	1	relational_adjective:ской:v1	SAFE	ambiguous_form	external_guess,pos:ADJF/NOUN
городской	город	4	1	relational_adjective:ской:v1	SAFE	graph_node	pos:ADJF/NOUN,homonym_prone_proof
городском	город	4	1	relational_adjective:ской:v1	SAFE	ambiguous_form	external_guess,pos:ADJF/NOUN
городскому	город	4	1	relational_adjective:ской:v1	SAFE	ambiguous_form	external_guess,pos:ADJF/NOUN
горские	гора	4	1	relational_adjective:ский:v1	SAFE	ambiguous_form	external_guess,pos:ADJF/NOUN
горский	гора	4	1	relational_adjective:ский:v1	SAFE	graph_node	external_guess,pos:ADJF/NOUN,homonym_prone_proof
горским	гора	4	1	relational_adjective:ский:v1	SAFE	ambiguous_form	external_guess,pos:ADJF/NOUN
горскими	гора	4	1	relational_adjective:ский:v1	SAFE	ambiguous_form	external_guess,pos:ADJF/NOUN
горских	гора	4	1	relational_adjective:ский:v1	SAFE	ambiguous_form	external_guess,pos:ADJF/NOUN
горского	гора	4	1	relational_adjective:ский:v1	SAFE	ambiguous_form	external_guess,pos:ADJF/NOUN
горское	гора	4	1	relational_adjective:ский:v1	SAFE	pymorphy_outside	external_guess,pos:ADJF/NOUN
горском	гора	4	1	relational_adjective:ский:v1	SAFE	ambiguous_form	external_guess,pos:ADJF/NOUN
горскому	гора	4	1	relational_adjective:ский:v1	SAFE	ambiguous_form	external_guess,pos:ADJF/NOUN
замениться	заменяться	4	1	verbal_aspect:same:иться/яться:v1	SAFE	graph_node	external_guess
интерес	интересный	4	1	relational_adjective:ный:v1	SAFE	graph_node	pos:NOUN/ADJF,homonym_prone_proof
исследовательский	исследователь	4	1	lemma_suffix:ский:v1	SAFE	graph_node	pos:ADJF/NOUN,homonym_prone_proof
июльский	июль	4	1	lemma_suffix:ский:v1	SAFE	graph_node	external_guess,pos:ADJF/NOUN,homonym_prone_proof
ледовый	лед	4	1	relational_adjective:овый:v1	SAFE	graph_node	short,pos:ADJF/NOUN,homonym_prone_proof
лесник	лес	4	1	lemma_suffix:ник:v1	SAFE	graph_node	external_guess,short,homonym_prone_proof
лесной	лес	4	1	relational_adjective:ной:v1	SAFE	graph_node	external_guess,short,pos:ADJF/NOUN,homonym_prone_proof
лесною	лес	4	1	relational_adjective:ной:v1	SAFE	ambiguous_form	external_guess,short,pos:ADJF/NOUN
обнаруживать	обнаружить	4	1	verbal_aspect:same:ивать/ить:v1	SAFE	graph_node	
озерный	озеро	4	1	relational_adjective:ный:v1	SAFE	graph_node	pos:ADJF/NOUN,homonym_prone_proof
октябрьский	октябрь	4	1	lemma_suffix:ский:v1	SAFE	graph_node	external_guess,pos:ADJF/NOUN,homonym_prone_proof
октябрьском	октябрь	4	1	lemma_suffix:ский:v1	SAFE	ambiguous_form	external_guess,pos:ADJF/NOUN
разрядник	разряд	4	1	lemma_suffix:ник:v1	SAFE	graph_node	external_guess,ambiguous,homonym_prone_proof
разрядника	разряд	4	1	lemma_suffix:ник:v1	SAFE	ambiguous_form	external_guess,ambiguous
разрядникам	разряд	4	1	lemma_suffix:ник:v1	SAFE	ambiguous_form	external_guess,ambiguous
разрядниками	разряд	4	1	lemma_suffix:ник:v1	SAFE	ambiguous_form	external_guess,ambiguous
разрядниках	разряд	4	1	lemma_suffix:ник:v1	SAFE	ambiguous_form	external_guess,ambiguous
разряднике	разряд	4	1	lemma_suffix:ник:v1	SAFE	ambiguous_form	external_guess,ambiguous
разрядники	разряд	4	1	lemma_suffix:ник:v1	SAFE	ambiguous_form	external_guess,ambiguous
разрядников	разряд	4	1	lemma_suffix:ник:v1	SAFE	ambiguous_form	external_guess,ambiguous
разрядником	разряд	4	1	lemma_suffix:ник:v1	SAFE	ambiguous_form	external_guess,ambiguous
разряднику	разряд	4	1	lemma_suffix:ник:v1	SAFE	ambiguous_form	external_guess,ambiguous
скорость	вскоре	4	1	place_adverb:v1	SAFE	graph_node	pos:NOUN/ADVB
темь	темный	4	1	relational_adjective:ный:v1	SAFE	graph_node	external_guess,pos:NOUN/ADJF,homonym_prone_proof
уступить	уступать	4	1	verbal_aspect:same:ать/ить:v1	SAFE	graph_node	
февральский	февраль	4	1	lemma_suffix:ский:v1	SAFE	graph_node	external_guess,pos:ADJF/NOUN,homonym_prone_proof
цветного	цвет	4	1	relational_adjective:ной:v1	SAFE	ambiguous_form	external_guess,pos:ADJF/NOUN
цветной	цвет	4	1	relational_adjective:ной:v1	SAFE	graph_node	external_guess,pos:ADJF/NOUN,homonym_prone_proof
цветном	цвет	4	1	relational_adjective:ной:v1	SAFE	ambiguous_form	external_guess,pos:ADJF/NOUN
цветному	цвет	4	1	relational_adjective:ной:v1	SAFE	ambiguous_form	external_guess,ambiguous,pos:ADJF/NOUN
цветные	цвет	4	1	relational_adjective:ной:v1	SAFE	ambiguous_form	external_guess,pos:ADJF/NOUN
цветным	цвет	4	1	relational_adjective:ной:v1	SAFE	ambiguous_form	external_guess,ambiguous,pos:ADJF/NOUN
цветными	цвет	4	1	relational_adjective:ной:v1	SAFE	ambiguous_form	external_guess,pos:ADJF/NOUN
цветных	цвет	4	1	relational_adjective:ной:v1	SAFE	ambiguous_form	external_guess,pos:ADJF/NOUN
цепной	цепь	4	1	relational_adjective:ной:v1	SAFE	graph_node	external_guess,pos:ADJF/NOUN,homonym_prone_proof
бурный	буря	3	1	relational_adjective:ный:v1	SAFE	graph_node	external_guess,pos:ADJF/NOUN,homonym_prone_proof
властный	власть	3	1	relational_adjective:ный:v1	SAFE	graph_node	external_guess,pos:ADJF/NOUN,homonym_prone_proof
встречного	встреча	3	1	relational_adjective:ный:v1	SAFE	ambiguous_form	external_guess,ambiguous,pos:ADJF/NOUN
встречном	встреча	3	1	relational_adjective:ный:v1	SAFE	ambiguous_form	external_guess,ambiguous,pos:ADJF/NOUN
встречному	встреча	3	1	relational_adjective:ный:v1	SAFE	ambiguous_form	external_guess
встречные	встреча	3	1	relational_adjective:ный:v1	SAFE	ambiguous_form	external_guess,ambiguous,pos:ADJF/NOUN
встречный	встреча	3	1	relational_adjective:ный:v1	SAFE	graph_node	external_guess,pos:ADJF/NOUN,homonym_prone_proof
встречным	встреча	3	1	relational_adjective:ный:v1	SAFE	ambiguous_form	external_guess,ambiguous,pos:ADJF/NOUN
встречными	встреча	3	1	relational_adjective:ный:v1	SAFE	ambiguous_form	external_guess,pos:ADJF/NOUN
встречных	встреча	3	1	relational_adjective:ный:v1	SAFE	ambiguous_form	external_guess,ambiguous,pos:ADJF/NOUN
главном	глава	3	1	relational_adjective:ный:v1	SAFE	ambiguous_form	external_guess,pos:ADJF/NOUN
главному	глава	3	1	relational_adjective:ный:v1	SAFE	ambiguous_form	external_guess,pos:ADJF/NOUN
главные	глава	3	1	relational_adjective:ный:v1	SAFE	ambiguous_form	external_guess,pos:ADJF/NOUN
главный	глава	3	1	relational_adjective:ный:v1	SAFE	graph_node	pos:ADJF/NOUN,homonym_prone_proof
главным	глава	3	1	relational_adjective:ный:v1	SAFE	ambiguous_form	external_guess,pos:ADJF/NOUN
главными	глава	3	1	relational_adjective:ный:v1	SAFE	ambiguous_form	external_guess,pos:ADJF/NOUN
главных	глава	3	1	relational_adjective:ный:v1	SAFE	ambiguous_form	external_guess,pos:ADJF/NOUN
город	городской	3	1	relational_adjective:ской:v1	SAFE	graph_node	pos:NOUN/ADJF,homonym_prone_proof
городов	городской	3	1	relational_adjective:ской:v1	SAFE	pymorphy_outside	external_guess,pos:NOUN/ADJF
декабрьский	декабрь	3	1	lemma_suffix:ский:v1	SAFE	graph_node	external_guess,pos:ADJF/NOUN,homonym_prone_proof
домовый	дом	3	1	relational_adjective:овый:v1	SAFE	graph_node	external_guess,short,pos:ADJF/NOUN,homonym_prone_proof
железный	железо	3	1	relational_adjective:ный:v1	SAFE	graph_node	external_guess,pos:ADJF/NOUN,homonym_prone_proof
западник	запад	3	1	lemma_suffix:ник:v1	SAFE	graph_node	external_guess,homonym_prone_proof
запасник	запас	3	1	lemma_suffix:ник:v1	SAFE	graph_node	external_guess,ambiguous,homonym_prone_proof
запасника	запас	3	1	lemma_suffix:ник:v1	SAFE	ambiguous_form	external_guess,ambiguous
запасникам	запас	3	1	lemma_suffix:ник:v1	SAFE	ambiguous_form	external_guess,ambiguous
запасниками	запас	3	1	lemma_suffix:ник:v1	SAFE	ambiguous_form	external_guess,ambiguous
запасниках	запас	3	1	lemma_suffix:ник:v1	SAFE	ambiguous_form	external_guess,ambiguous
запаснике	запас	3	1	lemma_suffix:ник:v1	SAFE	ambiguous_form	external_guess,ambiguous
запасники	запас	3	1	lemma_suffix:ник:v1	SAFE	ambiguous_form	external_guess,ambiguous
запасников	запас	3	1	lemma_suffix:ник:v1	SAFE	ambiguous_form	external_guess
запасником	запас	3	1	lemma_suffix:ник:v1	SAFE	ambiguous_form	external_guess,ambiguous
запаснику	запас	3	1	lemma_suffix:ник:v1	SAFE	ambiguous_form	external_guess,ambiguous
зимний	зима	3	1	relational_adjective:ний:v1	SAFE	graph_node	pos:ADJF/NOUN,homonym_prone_proof
интересный	интерес	3	1	relational_adjective:ный:v1	SAFE	graph_node	pos:ADJF/NOUN,homonym_prone_proof
лета	летний	3	1	relational_adjective:ний:v1	SAFE	graph_node	external_guess,pos:NOUN/ADJF,homonym_prone_proof
лете	летний	3	1	relational_adjective:ний:v1	SAFE	ambiguous_form	external_guess,pos:NOUN/ADJF
лето	летний	3	1	relational_adjective:ний:v1	SAFE	graph_node	pos:NOUN/ADJF,homonym_prone_proof
морской	море	3	1	relational_adjective:ской:v1	SAFE	graph_node	pos:ADJF/NOUN,homonym_prone_proof
ново	вновь	3	1	manual_accept:v1	SAFE	pymorphy_outside	external_guess,pos:ADJF/ADVB
нового	вновь	3	1	manual_accept:v1	SAFE	ambiguous_form	external_guess,pos:ADJF/ADVB
новое	вновь	3	1	manual_accept:v1	SAFE	pymorphy_outside	external_guess,pos:ADJF/ADVB
новом	вновь	3	1	manual_accept:v1	SAFE	ambiguous_form	external_guess,pos:ADJF/ADVB
новому	вновь	3	1	manual_accept:v1	SAFE	ambiguous_form	external_guess,pos:ADJF/ADVB
новые	вновь	3	1	manual_accept:v1	SAFE	ambiguous_form	external_guess,pos:ADJF/ADVB
новый	вновь	3	1	manual_accept:v1	SAFE	graph_node	pos:ADJF/ADVB
новым	вновь	3	1	manual_accept:v1	SAFE	ambiguous_form	external_guess,pos:ADJF/ADVB
новыми	вновь	3	1	manual_accept:v1	SAFE	ambiguous_form	external_guess,pos:ADJF/ADVB
новых	вновь	3	1	manual_accept:v1	SAFE	ambiguous_form	external_guess,pos:ADJF/ADVB
океанский	океан	3	1	relational_adjective:ский:v1	SAFE	graph_node	external_guess,pos:ADJF/NOUN,homonym_prone_proof
осенний	осень	3	1	relational_adjective:ний:v1	SAFE	graph_node	external_guess,pos:ADJF/NOUN,homonym_prone_proof
островной	остров	3	1	relational_adjective:ной:v1	SAFE	graph_node	external_guess,pos:ADJF/NOUN,homonym_prone_proof
отходник	отход	3	1	lemma_suffix:ник:v1	SAFE	graph_node	external_guess,homonym_prone_proof
писательский	писатель	3	1	lemma_suffix:ский:v1	SAFE	graph_node	external_guess,pos:ADJF/NOUN,homonym_prone_proof
погибать	погибнуть	3	1	verbal_aspect:same:ать/нуть:v1	SAFE	graph_node	external_guess
получиться	получаться	3	1	verbal_aspect:same:аться/иться:v1	SAFE	graph_node	
прием	приемник	3	1	lemma_suffix:ник:v1	SAFE	graph_node	homonym_prone_proof
применять	применить	3	1	verbal_aspect:same:ить/ять:v1	SAFE	graph_node	
провести	проводить	3	1	verbal_aspect:alt:ить/ти:v1	SAFE	graph_node	
различить	различать	3	1	verbal_aspect:same:ать/ить:v1	SAFE	graph_node	external_guess
разрешать	разрешить	3	1	verbal_aspect:same:ать/ить:v1	SAFE	graph_node	external_guess
ребров	ребро	3	1	relational_adjective:овый:v1	SAFE	pymorphy_outside	external_guess,pos:ADJF/NOUN
реброва	ребро	3	1	relational_adjective:овый:v1	SAFE	ambiguous_form	external_guess,pos:ADJF/NOUN
ребровы	ребро	3	1	relational_adjective:овый:v1	SAFE	ambiguous_form	external_guess,pos:ADJF/NOUN
ребровый	ребро	3	1	relational_adjective:овый:v1	SAFE	graph_node	external_guess,pos:ADJF/NOUN,homonym_prone_proof
ребровым	ребро	3	1	relational_adjective:овый:v1	SAFE	ambiguous_form	external_guess,pos:ADJF/NOUN
ребровыми	ребро	3	1	relational_adjective:овый:v1	SAFE	ambiguous_form	external_guess,pos:ADJF/NOUN
решить	решать	3	1	verbal_aspect:same:ать/ить:v1	SAFE	graph_node	
рыбный	рыба	3	1	relational_adjective:ный:v1	SAFE	graph_node	pos:ADJF/NOUN,homonym_prone_proof
рыбовод	рыба	3	1	profession:v1	SAFE	pymorphy_outside	external_guess
рыбоводный	рыба	3	1	profession:v1	SAFE	pymorphy_outside	external_guess,pos:ADJF/NOUN
рыбоводство	рыба	3	1	profession:v1	SAFE	pymorphy_outside	external_guess
рыбоводческий	рыба	3	1	profession:v1	SAFE	pymorphy_outside	external_guess,pos:ADJF/NOUN
свободный	свобода	3	1	relational_adjective:ный:v1	SAFE	graph_node	pos:ADJF/NOUN,homonym_prone_proof
север	северный	3	1	relational_adjective:ный:v1	SAFE	graph_node	pos:NOUN/ADJF,homonym_prone_proof
сентябрьский	сентябрь	3	1	lemma_suffix:ский:v1	SAFE	graph_node	external_guess,pos:ADJF/NOUN,homonym_prone_proof
сложиться	складываться	3	1	verbal_aspect:cross:иться/ываться:v1	SAFE	graph_node	
случи	случать	3	1	verbal_aspect:same:ать/ить:v1	SAFE	ambiguous_form	external_guess
случить	случать	3	1	verbal_aspect:same:ать/ить:v1	SAFE	graph_node	external_guess
случу	случать	3	1	verbal_aspect:same:ать/ить:v1	SAFE	ambiguous_form	external_guess
советник	совет	3	1	lemma_suffix:ник:v1	SAFE	graph_node	homonym_prone_proof
советский	совет	3	1	lemma_suffix:ский:v1	SAFE	graph_node	pos:ADJF/NOUN,homonym_prone_proof
советском	совет	3	1	lemma_suffix:ский:v1	SAFE	ambiguous_form	external_guess,pos:ADJF/NOUN
сохраниться	сохраняться	3	1	verbal_aspect:same:иться/яться:v1	SAFE	graph_node	external_guess
стоковый	сток	3	1	lemma_suffix:овый:v1	SAFE	graph_node	pos:ADJF/NOUN,homonym_prone_proof
трудный	труд	3	1	relational_adjective:ный:v1	SAFE	graph_node	pos:ADJF/NOUN,homonym_prone_proof
холод	холодный	3	1	relational_adjective:ный:v1	SAFE	graph_node	pos:NOUN/ADJF,homonym_prone_proof
холодном	холод	3	1	relational_adjective:ный:v1	SAFE	ambiguous_form	external_guess,pos:ADJF/NOUN
холодному	холод	3	1	relational_adjective:ный:v1	SAFE	ambiguous_form	external_guess,pos:ADJF/NOUN
холодный	холод	3	1	relational_adjective:ный:v1	SAFE	graph_node	pos:ADJF/NOUN,homonym_prone_proof
холодным	холод	3	1	relational_adjective:ный:v1	SAFE	ambiguous_form	external_guess,pos:ADJF/NOUN
холодными	холод	3	1	relational_adjective:ный:v1	SAFE	ambiguous_form	external_guess,pos:ADJF/NOUN
холодных	холод	3	1	relational_adjective:ный:v1	SAFE	ambiguous_form	external_guess,pos:ADJF/NOUN
холодов	холодный	3	1	relational_adjective:ный:v1	SAFE	pymorphy_outside	external_guess,pos:NOUN/ADJF
холодовый	холод	3	1	relational_adjective:овый:v1	SAFE	graph_node	external_guess,pos:ADJF/NOUN,homonym_prone_proof
холодовым	холод	3	1	relational_adjective:овый:v1	SAFE	ambiguous_form	external_guess,pos:ADJF/NOUN
холодовыми	холод	3	1	relational_adjective:овый:v1	SAFE	ambiguous_form	external_guess,pos:ADJF/NOUN
хребетный	хребет	3	1	relational_adjective:ный:v1	SAFE	graph_node	external_guess,pos:ADJF/NOUN,homonym_prone_proof
цена	ценный	3	1	relational_adjective:ный:v1	SAFE	graph_node	external_guess,pos:NOUN/ADJF,homonym_prone_proof
церковный	церковь	3	1	relational_adjective:ный:v1	SAFE	graph_node	pos:ADJF/NOUN,homonym_prone_proof
шестеро	шестой	3	1	ordinal:v1	SAFE	graph_node	external_guess,pos:NUMR/ANUM
шесть	шестой	3	1	ordinal:v1	SAFE	graph_node	pos:NUMR/ANUM
шестью	шестой	3	1	ordinal:v1	SAFE	graph_node	external_guess,pos:NUMR/ANUM
январский	январь	3	1	relational_adjective:ский:v1	SAFE	graph_node	external_guess,pos:ADJF/NOUN,homonym_prone_proof
бросать	бросить	2	1	verbal_aspect:same:ать/ить:v1	SAFE	graph_node	external_guess
верный	вера	2	1	relational_adjective:ный:v1	SAFE	graph_node	pos:ADJF/NOUN,homonym_prone_proof
вред	вредный	2	1	relational_adjective:ный:v1	SAFE	graph_node	external_guess,pos:NOUN/ADJF,homonym_prone_proof
выделять	выделить	2	1	verbal_aspect:same:ить/ять:v1	SAFE	graph_node	
выполнять	выполнить	2	1	verbal_aspect:same:ить/ять:v1	SAFE	graph_node	
вычислять	вычислить	2	1	verbal_aspect:same:ить/ять:v1	SAFE	graph_node	external_guess
геройский	герой	2	1	lemma_suffix:ский:v1	SAFE	graph_node	external_guess,pos:ADJF/NOUN,homonym_prone_proof
головного	голова	2	1	relational_adjective:ной:v1	SAFE	ambiguous_form	external_guess,ambiguous,pos:ADJF/NOUN
головной	голова	2	1	relational_adjective:ной:v1	SAFE	graph_node	pos:ADJF/NOUN,homonym_prone_proof
головном	голова	2	1	relational_adjective:ной:v1	SAFE	ambiguous_form	external_guess,pos:ADJF/NOUN
головному	голова	2	1	relational_adjective:ной:v1	SAFE	ambiguous_form	external_guess,ambiguous,pos:ADJF/NOUN
головные	голова	2	1	relational_adjective:ной:v1	SAFE	ambiguous_form	external_guess,ambiguous,pos:ADJF/NOUN
головным	голова	2	1	relational_adjective:ной:v1	SAFE	ambiguous_form	external_guess,pos:ADJF/NOUN
головными	голова	2	1	relational_adjective:ной:v1	SAFE	ambiguous_form	external_guess,pos:ADJF/NOUN
головных	голова	2	1	relational_adjective:ной:v1	SAFE	ambiguous_form	external_guess,ambiguous,pos:ADJF/NOUN
гора	горный	2	1	relational_adjective:ный:v1	SAFE	graph_node	pos:NOUN/ADJF,homonym_prone_proof
горам	горный	2	1	relational_adjective:ный:v1	SAFE	ambiguous_form	external_guess,pos:NOUN/ADJF
горами	горный	2	1	relational_adjective:ный:v1	SAFE	ambiguous_form	external_guess,pos:NOUN/ADJF
горах	горный	2	1	relational_adjective:ный:v1	SAFE	ambiguous_form	external_guess,pos:NOUN/ADJF
горе	горный	2	1	relational_adjective:ный:v1	SAFE	graph_node	external_guess,pos:NOUN/ADJF
гору	горный	2	1	relational_adjective:ный:v1	SAFE	ambiguous_form	external_guess,pos:NOUN/ADJF
горы	горный	2	1	relational_adjective:ный:v1	SAFE	ambiguous_form	external_guess,pos:NOUN/ADJF
дальнейший	дальний	2	1	adjective_degree:ейший:v1	SAFE	graph_node	
достигать	достигнуть	2	1	verbal_aspect:same:ать/нуть:v1	SAFE	graph_node	
завершать	завершить	2	1	verbal_aspect:same:ать/ить:v1	SAFE	graph_node	
зад	задний	2	1	relational_adjective:ний:v1	SAFE	graph_node	external_guess,short,pos:NOUN/ADJF,homonym_prone_proof
закладывать	заложить	2	1	verbal_aspect:cross:ить/ывать:v1	SAFE	graph_node	external_guess
замерзнуть	замерзать	2	1	verbal_aspect:same:ать/нуть:v1	SAFE	graph_node	external_guess
звездный	звезда	2	1	relational_adjective:ный:v1	SAFE	graph_node	external_guess,pos:ADJF/NOUN,homonym_prone_proof
зима	зимний	2	1	relational_adjective:ний:v1	SAFE	graph_node	pos:NOUN/ADJF,homonym_prone_proof
изменяет	изменить	2	1	verbal_aspect:same:ить/ять:v1	SAFE	ambiguous_form	external_guess,ambiguous
изменяете	изменить	2	1	verbal_aspect:same:ить/ять:v1	SAFE	ambiguous_form	external_guess,ambiguous
изменяешь	изменить	2	1	verbal_aspect:same:ить/ять:v1	SAFE	ambiguous_form	external_guess,ambiguous
изменяй	изменить	2	1	verbal_aspect:same:ить/ять:v1	SAFE	ambiguous_form	external_guess,ambiguous
изменяйте	изменить	2	1	verbal_aspect:same:ить/ять:v1	SAFE	ambiguous_form	external_guess,ambiguous
изменял	изменить	2	1	verbal_aspect:same:ить/ять:v1	SAFE	ambiguous_form	external_guess,ambiguous
изменяла	изменить	2	1	verbal_aspect:same:ить/ять:v1	SAFE	ambiguous_form	external_guess,ambiguous
изменяли	изменить	2	1	verbal_aspect:same:ить/ять:v1	SAFE	ambiguous_form	external_guess,ambiguous
изменяло	изменить	2	1	verbal_aspect:same:ить/ять:v1	SAFE	ambiguous_form	external_guess,ambiguous
изменять	изменить	2	1	verbal_aspect:same:ить/ять:v1	SAFE	graph_node	ambiguous
изменяю	изменить	2	1	verbal_aspect:same:ить/ять:v1	SAFE	ambiguous_form	external_guess,ambiguous
изменяют	изменить	2	1	verbal_aspect:same:ить/ять:v1	SAFE	ambiguous_form	external_guess,ambiguous
квартирный	квартира	2	1	relational_adjective:ный:v1	SAFE	graph_node	external_guess,pos:ADJF/NOUN,homonym_prone_proof
кожный	кожа	2	1	relational_adjective:ный:v1	SAFE	graph_node	external_guess,pos:ADJF/NOUN,homonym_prone_proof
крестная	крест	2	1	relational_adjective:ный:v1	SAFE	graph_node	external_guess,ambiguous,pos:ADJF/NOUN
крестник	крест	2	1	lemma_suffix:ник:v1	SAFE	graph_node	external_guess,homonym_prone_proof
крестный	крест	2	1	relational_adjective:ный:v1	SAFE	graph_node	external_guess,ambiguous,pos:ADJF/NOUN,homonym_prone_proof
крестовой	крест	2	1	relational_adjective:овый:v1	SAFE	graph_node	external_guess,pos:ADJF/NOUN
крестовый	крест	2	1	relational_adjective:овый:v1	SAFE	graph_node	external_guess,pos:ADJF/NOUN,homonym_prone_proof
лобный	лоб	2	1	relational_adjective:ный:v1	SAFE	graph_node	external_guess,short,pos:ADJF/NOUN,homonym_prone_proof
машинный	машина	2	1	relational_adjective:ный:v1	SAFE	graph_node	external_guess,pos:ADJF/NOUN,homonym_prone_proof
медовый	мед	2	1	relational_adjective:овый:v1	SAFE	graph_node	short,pos:ADJF/NOUN,homonym_prone_proof
медоносный	мед	2	1	manual_accept:v1	SAFE	pymorphy_outside	short,pos:ADJF/NOUN
минутный	минута	2	1	relational_adjective:ный:v1	SAFE	graph_node	external_guess,pos:ADJF/NOUN,homonym_prone_proof
набеговый	набег	2	1	lemma_suffix:овый:v1	SAFE	graph_node	external_guess,pos:ADJF/NOUN,homonym_prone_proof
народник	народ	2	1	lemma_suffix:ник:v1	SAFE	graph_node	external_guess,homonym_prone_proof
номерного	номер	2	1	relational_adjective:ной:v1	SAFE	ambiguous_form	external_guess,ambiguous,pos:ADJF/NOUN
номерной	номер	2	1	relational_adjective:ной:v1	SAFE	graph_node	external_guess,ambiguous,pos:ADJF/NOUN,homonym_prone_proof
номерном	номер	2	1	relational_adjective:ной:v1	SAFE	ambiguous_form	external_guess,ambiguous,pos:ADJF/NOUN
номерному	номер	2	1	relational_adjective:ной:v1	SAFE	ambiguous_form	external_guess,ambiguous,pos:ADJF/NOUN
номерные	номер	2	1	relational_adjective:ной:v1	SAFE	ambiguous_form	external_guess,ambiguous,pos:ADJF/NOUN
номерным	номер	2	1	relational_adjective:ной:v1	SAFE	ambiguous_form	external_guess,ambiguous,pos:ADJF/NOUN
номерными	номер	2	1	relational_adjective:ной:v1	SAFE	ambiguous_form	external_guess,ambiguous,pos:ADJF/NOUN
номерных	номер	2	1	relational_adjective:ной:v1	SAFE	ambiguous_form	external_guess,ambiguous,pos:ADJF/NOUN
обмениться	обмениваться	2	1	verbal_aspect:same:иваться/иться:v1	SAFE	graph_node	external_guess
оборотный	оборот	2	1	relational_adjective:ный:v1	SAFE	graph_node	external_guess,pos:ADJF/NOUN,homonym_prone_proof
опыление	пыль	2	1	manual_accept:v1	SAFE	graph_node	
отделиться	отделяться	2	1	verbal_aspect:same:иться/яться:v1	SAFE	graph_node	external_guess
охватить	охватывать	2	1	verbal_aspect:same:ить/ывать:v1	SAFE	graph_node	external_guess
пакетный	пакет	2	1	relational_adjective:ный:v1	SAFE	graph_node	external_guess,pos:ADJF/NOUN,homonym_prone_proof
пар	парный	2	1	relational_adjective:ный:v1	SAFE	graph_node	short,pos:NOUN/ADJF
пара	парный	2	1	relational_adjective:ный:v1	SAFE	graph_node	pos:NOUN/ADJF,homonym_prone_proof
парами	парный	2	1	relational_adjective:ный:v1	SAFE	ambiguous_form	external_guess,pos:NOUN/ADJF
парах	парный	2	1	relational_adjective:ный:v1	SAFE	ambiguous_form	external_guess,pos:NOUN/ADJF
паре	парный	2	1	relational_adjective:ный:v1	SAFE	ambiguous_form	external_guess,pos:NOUN/ADJF
парой	парный	2	1	relational_adjective:ный:v1	SAFE	ambiguous_form	external_guess,pos:NOUN/ADJF
пару	парный	2	1	relational_adjective:ный:v1	SAFE	ambiguous_form	external_guess,pos:NOUN/ADJF
пары	парный	2	1	relational_adjective:ный:v1	SAFE	ambiguous_form	external_guess,pos:NOUN/ADJF
плодник	плод	2	1	lemma_suffix:ник:v1	SAFE	graph_node	external_guess,homonym_prone_proof
плодный	плод	2	1	relational_adjective:ный:v1	SAFE	graph_node	pos:ADJF/NOUN,homonym_prone_proof
плодовый	плод	2	1	relational_adjective:овый:v1	SAFE	graph_node	external_guess,pos:ADJF/NOUN,homonym_prone_proof
подчиниться	подчиняться	2	1	verbal_aspect:same:иться/яться:v1	SAFE	graph_node	external_guess
поисковый	поиск	2	1	lemma_suffix:овый:v1	SAFE	graph_node	external_guess,pos:ADJF/NOUN,homonym_prone_proof
портовый	порт	2	1	relational_adjective:овый:v1	SAFE	graph_node	external_guess,pos:ADJF/NOUN,homonym_prone_proof
поступить	поступать	2	1	verbal_aspect:same:ать/ить:v1	SAFE	graph_node	
поясной	пояс	2	1	relational_adjective:ной:v1	SAFE	graph_node	external_guess,pos:ADJF/NOUN,homonym_prone_proof
приемник	прием	2	1	lemma_suffix:ник:v1	SAFE	graph_node	homonym_prone_proof
провод	проводник	2	1	lemma_suffix:ник:v1	SAFE	graph_node	external_guess,homonym_prone_proof
проводи	провести	2	1	verbal_aspect:alt:ить/ти:v1	SAFE	ambiguous_form	external_guess,ambiguous
проводил	провести	2	1	verbal_aspect:alt:ить/ти:v1	SAFE	ambiguous_form	external_guess,ambiguous
проводила	провести	2	1	verbal_aspect:alt:ить/ти:v1	SAFE	ambiguous_form	external_guess,ambiguous
проводили	провести	2	1	verbal_aspect:alt:ить/ти:v1	SAFE	ambiguous_form	external_guess,ambiguous
проводило	провести	2	1	verbal_aspect:alt:ить/ти:v1	SAFE	ambiguous_form	external_guess,ambiguous
проводим	провести	2	1	verbal_aspect:alt:ить/ти:v1	SAFE	ambiguous_form	external_guess,ambiguous
проводит	провести	2	1	verbal_aspect:alt:ить/ти:v1	SAFE	ambiguous_form	external_guess
проводите	провести	2	1	verbal_aspect:alt:ить/ти:v1	SAFE	ambiguous_form	external_guess,ambiguous
проводить	провести	2	1	verbal_aspect:alt:ить/ти:v1	SAFE	graph_node	
проводишь	провести	2	1	verbal_aspect:alt:ить/ти:v1	SAFE	ambiguous_form	external_guess,ambiguous
проводниковый	проводник	2	1	lemma_suffix:овый:v1	SAFE	graph_node	external_guess,pos:ADJF/NOUN,homonym_prone_proof
проводят	провести	2	1	verbal_aspect:alt:ить/ти:v1	SAFE	ambiguous_form	external_guess
продолжать	продолжить	2	1	verbal_aspect:same:ать/ить:v1	SAFE	graph_node	
продолжаться	продолжиться	2	1	verbal_aspect:same:аться/иться:v1	SAFE	graph_node	
продолжить	продолжать	2	1	verbal_aspect:same:ать/ить:v1	SAFE	graph_node	
продолжиться	продолжаться	2	1	verbal_aspect:same:аться/иться:v1	SAFE	graph_node	
проникать	проникнуть	2	1	verbal_aspect:same:ать/нуть:v1	SAFE	graph_node	
проникнуть	проникать	2	1	verbal_aspect:same:ать/нуть:v1	SAFE	graph_node	
просветительский	просветитель	2	1	lemma_suffix:ский:v1	SAFE	graph_node	external_guess,pos:ADJF/NOUN,homonym_prone_proof
прояснять	прояснить	2	1	verbal_aspect:same:ить/ять:v1	SAFE	graph_node	external_guess
пчелиный	пчела	2	1	relational_adjective:иный:v1	SAFE	graph_node	pos:ADJF/NOUN,homonym_prone_proof
пчеловод	пчела	2	1	profession:v1	SAFE	pymorphy_outside	
пчеловодный	пчела	2	1	profession:v1	SAFE	pymorphy_outside	external_guess,pos:ADJF/NOUN
пчеловодство	пчела	2	1	profession:v1	SAFE	pymorphy_outside	
пчеловодческий	пчела	2	1	profession:v1	SAFE	pymorphy_outside	external_guess,pos:ADJF/NOUN
пыли	опыление	2	1	manual_accept:v1	SAFE	ambiguous_form	external_guess
пыль	опыление	2	1	manual_accept:v1	SAFE	graph_node	
пыльник	пыль	2	1	lemma_suffix:ник:v1	SAFE	graph_node	external_guess,homonym_prone_proof
пятеро	пятый	2	1	ordinal:v1	SAFE	graph_node	pos:NUMR/ANUM
пять	пятый	2	1	ordinal:v1	SAFE	graph_node	pos:NUMR/ANUM
пятью	пятый	2	1	ordinal:v1	SAFE	graph_node	external_guess,pos:NUMR/ANUM
развести	разводить	2	1	verbal_aspect:alt:ить/ти:v1	SAFE	graph_node	external_guess
разделять	разделить	2	1	verbal_aspect:same:ить/ять:v1	SAFE	graph_node	
разрушать	разрушить	2	1	verbal_aspect:same:ать/ить:v1	SAFE	graph_node	external_guess
ручка	рука	2	1	diminutive:v1	SAFE	graph_node	external_guess
сборник	сбор	2	1	lemma_suffix:ник:v1	SAFE	graph_node	homonym_prone_proof
северна	север	2	1	relational_adjective:ный:v1	SAFE	ambiguous_form	external_guess,pos:ADJF/NOUN
северном	север	2	1	relational_adjective:ный:v1	SAFE	ambiguous_form	external_guess,pos:ADJF/NOUN
северны	север	2	1	relational_adjective:ный:v1	SAFE	ambiguous_form	external_guess,pos:ADJF/NOUN
северный	север	2	1	relational_adjective:ный:v1	SAFE	graph_node	pos:ADJF/NOUN,homonym_prone_proof
совершить	совершать	2	1	verbal_aspect:same:ать/ить:v1	SAFE	graph_node	
ужасный	ужас	2	1	relational_adjective:ный:v1	SAFE	graph_node	external_guess,pos:ADJF/NOUN,homonym_prone_proof
умерять	умерить	2	1	verbal_aspect:same:ить/ять:v1	SAFE	graph_node	external_guess
ускорять	ускорить	2	1	verbal_aspect:same:ить/ять:v1	SAFE	graph_node	external_guess
уступать	уступить	2	1	verbal_aspect:same:ать/ить:v1	SAFE	graph_node	
фигурный	фигура	2	1	relational_adjective:ный:v1	SAFE	graph_node	external_guess,pos:ADJF/NOUN,homonym_prone_proof
флотские	флот	2	1	relational_adjective:ский:v1	SAFE	ambiguous_form	external_guess,ambiguous,pos:ADJF/NOUN
флотский	флот	2	1	relational_adjective:ский:v1	SAFE	graph_node	external_guess,ambiguous,pos:ADJF/NOUN,homonym_prone_proof
флотским	флот	2	1	relational_adjective:ский:v1	SAFE	ambiguous_form	external_guess,ambiguous,pos:ADJF/NOUN
флотскими	флот	2	1	relational_adjective:ский:v1	SAFE	ambiguous_form	external_guess,ambiguous,pos:ADJF/NOUN
флотских	флот	2	1	relational_adjective:ский:v1	SAFE	ambiguous_form	external_guess,ambiguous,pos:ADJF/NOUN
флотского	флот	2	1	relational_adjective:ский:v1	SAFE	ambiguous_form	external_guess,ambiguous,pos:ADJF/NOUN
флотском	флот	2	1	relational_adjective:ский:v1	SAFE	ambiguous_form	external_guess,ambiguous,pos:ADJF/NOUN
флотскому	флот	2	1	relational_adjective:ский:v1	SAFE	ambiguous_form	external_guess,ambiguous,pos:ADJF/NOUN
царский	царь	2	1	relational_adjective:ский:v1	SAFE	graph_node	external_guess,pos:ADJF/NOUN,homonym_prone_proof
шестой	шесть	2	1	ordinal:v1	SAFE	graph_node	pos:ANUM/NUMR
шестом	шесть	2	1	ordinal:v1	SAFE	ambiguous_form	external_guess,pos:ANUM/NUMR
баковый	бак	1	1	relational_adjective:овый:v1	SAFE	graph_node	external_guess,short,pos:ADJF/NOUN,homonym_prone_proof
баковым	бак	1	1	relational_adjective:овый:v1	SAFE	ambiguous_form	external_guess,short,pos:ADJF/NOUN
баковыми	бак	1	1	relational_adjective:овый:v1	SAFE	ambiguous_form	external_guess,short,pos:ADJF/NOUN
бас	басовый	1	1	relational_adjective:овый:v1	SAFE	graph_node	external_guess,ambiguous,short,pos:NOUN/ADJF,homonym_prone_proof
баса	басовый	1	1	relational_adjective:овый:v1	SAFE	ambiguous_form	external_guess,ambiguous,pos:NOUN/ADJF
басам	басовый	1	1	relational_adjective:овый:v1	SAFE	pymorphy_outside	external_guess,ambiguous,pos:NOUN/ADJF
басами	басовый	1	1	relational_adjective:овый:v1	SAFE	ambiguous_form	external_guess,ambiguous,pos:NOUN/ADJF
басах	басовый	1	1	relational_adjective:овый:v1	SAFE	ambiguous_form	external_guess,ambiguous,pos:NOUN/ADJF
басе	басовый	1	1	relational_adjective:овый:v1	SAFE	ambiguous_form	external_guess,ambiguous,pos:NOUN/ADJF
басом	басовый	1	1	relational_adjective:овый:v1	SAFE	ambiguous_form	external_guess,pos:NOUN/ADJF
басу	басовый	1	1	relational_adjective:овый:v1	SAFE	ambiguous_form	external_guess,ambiguous,pos:NOUN/ADJF
басы	басовый	1	1	relational_adjective:овый:v1	SAFE	ambiguous_form	external_guess,ambiguous,pos:NOUN/ADJF
беда	бедный	1	1	relational_adjective:ный:v1	SAFE	graph_node	external_guess,ambiguous,pos:NOUN/ADJF,homonym_prone_proof
братний	брат	1	1	relational_adjective:ний:v1	SAFE	graph_node	external_guess,pos:ADJF/NOUN,homonym_prone_proof
братский	брат	1	1	relational_adjective:ский:v1	SAFE	graph_node	external_guess,pos:ADJF/NOUN,homonym_prone_proof
братском	брат	1	1	relational_adjective:ский:v1	SAFE	ambiguous_form	external_guess,pos:ADJF/NOUN
ввести	вводить	1	1	verbal_aspect:alt:ить/ти:v1	SAFE	graph_node	
взрывник	взрыв	1	1	lemma_suffix:ник:v1	SAFE	graph_node	external_guess,homonym_prone_proof
включаться	включиться	1	1	verbal_aspect:same:аться/иться:v1	SAFE	graph_node	
включиться	включаться	1	1	verbal_aspect:same:аться/иться:v1	SAFE	graph_node	
вод	водный	1	1	relational_adjective:ный:v1	SAFE	pymorphy_outside	external_guess,short,pos:NOUN/ADJF
вода	водный	1	1	relational_adjective:ный:v1	SAFE	graph_node	pos:NOUN/ADJF,homonym_prone_proof
водам	водный	1	1	relational_adjective:ный:v1	SAFE	ambiguous_form	external_guess,pos:NOUN/ADJF
водами	водный	1	1	relational_adjective:ный:v1	SAFE	ambiguous_form	external_guess,pos:NOUN/ADJF
водах	водный	1	1	relational_adjective:ный:v1	SAFE	ambiguous_form	external_guess,pos:NOUN/ADJF
воде	водный	1	1	relational_adjective:ный:v1	SAFE	ambiguous_form	external_guess,pos:NOUN/ADJF
воду	водный	1	1	relational_adjective:ный:v1	SAFE	ambiguous_form	external_guess,pos:NOUN/ADJF
воды	водный	1	1	relational_adjective:ный:v1	SAFE	ambiguous_form	external_guess,pos:NOUN/ADJF
возвести	возводить	1	1	verbal_aspect:alt:ить/ти:v1	SAFE	graph_node	
возводить	возвести	1	1	verbal_aspect:alt:ить/ти:v1	SAFE	graph_node	
вредительский	вредитель	1	1	lemma_suffix:ский:v1	SAFE	graph_node	external_guess,pos:ADJF/NOUN,homonym_prone_proof
вселять	вселить	1	1	verbal_aspect:same:ить/ять:v1	SAFE	graph_node	external_guess
вступать	вступить	1	1	verbal_aspect:same:ать/ить:v1	SAFE	graph_node	
вступить	вступать	1	1	verbal_aspect:same:ать/ить:v1	SAFE	graph_node	
вывести	вводить	1	1	manual_accept:v1	SAFE	graph_node	
выпускник	выпуск	1	1	lemma_suffix:ник:v1	SAFE	graph_node	external_guess,homonym_prone_proof
газетный	газета	1	1	relational_adjective:ный:v1	SAFE	graph_node	external_guess,pos:ADJF/NOUN,homonym_prone_proof
гербовый	герб	1	1	relational_adjective:овый:v1	SAFE	graph_node	external_guess,pos:ADJF/NOUN,homonym_prone_proof
глазник	глаз	1	1	lemma_suffix:ник:v1	SAFE	graph_node	external_guess,homonym_prone_proof
глазной	глаз	1	1	relational_adjective:ной:v1	SAFE	graph_node	external_guess,pos:ADJF/NOUN,homonym_prone_proof
голова	головной	1	1	relational_adjective:ной:v1	SAFE	graph_node	pos:NOUN/ADJF,homonym_prone_proof
головам	головной	1	1	relational_adjective:ной:v1	SAFE	ambiguous_form	external_guess,pos:NOUN/ADJF
головами	головной	1	1	relational_adjective:ной:v1	SAFE	ambiguous_form	external_guess,pos:NOUN/ADJF
головах	головной	1	1	relational_adjective:ной:v1	SAFE	ambiguous_form	external_guess,pos:NOUN/ADJF
голове	головной	1	1	relational_adjective:ной:v1	SAFE	ambiguous_form	external_guess,pos:NOUN/ADJF
головой	головной	1	1	relational_adjective:ной:v1	SAFE	ambiguous_form	external_guess,pos:NOUN/ADJF
головою	головной	1	1	relational_adjective:ной:v1	SAFE	ambiguous_form	external_guess,pos:NOUN/ADJF
голову	головной	1	1	relational_adjective:ной:v1	SAFE	ambiguous_form	external_guess,pos:NOUN/ADJF
головы	головной	1	1	relational_adjective:ной:v1	SAFE	ambiguous_form	external_guess,pos:NOUN/ADJF
голодного	голод	1	1	relational_adjective:ный:v1	SAFE	ambiguous_form	external_guess,pos:ADJF/NOUN
голодном	голод	1	1	relational_adjective:ный:v1	SAFE	ambiguous_form	external_guess,ambiguous,pos:ADJF/NOUN
голодному	голод	1	1	relational_adjective:ный:v1	SAFE	ambiguous_form	external_guess,ambiguous,pos:ADJF/NOUN
голодные	голод	1	1	relational_adjective:ный:v1	SAFE	ambiguous_form	external_guess,ambiguous,pos:ADJF/NOUN
голодный	голод	1	1	relational_adjective:ный:v1	SAFE	graph_node	external_guess,pos:ADJF/NOUN,homonym_prone_proof
голодным	голод	1	1	relational_adjective:ный:v1	SAFE	ambiguous_form	external_guess,ambiguous,pos:ADJF/NOUN
голодными	голод	1	1	relational_adjective:ный:v1	SAFE	ambiguous_form	external_guess,pos:ADJF/NOUN
голодных	голод	1	1	relational_adjective:ный:v1	SAFE	ambiguous_form	external_guess,pos:ADJF/NOUN
гостиный	гость	1	1	relational_adjective:иный:v1	SAFE	graph_node	external_guess,pos:ADJF/NOUN,homonym_prone_proof
грудной	грудь	1	1	relational_adjective:ной:v1	SAFE	graph_node	pos:ADJF/NOUN,homonym_prone_proof
грудь	грудной	1	1	relational_adjective:ной:v1	SAFE	graph_node	pos:NOUN/ADJF,homonym_prone_proof
грузный	груз	1	1	relational_adjective:ный:v1	SAFE	graph_node	external_guess,pos:ADJF/NOUN,homonym_prone_proof
грядной	гряда	1	1	relational_adjective:ной:v1	SAFE	graph_node	external_guess,pos:ADJF/NOUN,homonym_prone_proof
грязный	грязь	1	1	relational_adjective:ный:v1	SAFE	graph_node	external_guess,pos:ADJF/NOUN,homonym_prone_proof
дамский	дама	1	1	relational_adjective:ский:v1	SAFE	graph_node	external_guess,pos:ADJF/NOUN,homonym_prone_proof
дворник	двор	1	1	lemma_suffix:ник:v1	SAFE	graph_node	external_guess,homonym_prone_proof
дворника	двор	1	1	lemma_suffix:ник:v1	SAFE	ambiguous_form	external_guess
дворникам	двор	1	1	lemma_suffix:ник:v1	SAFE	ambiguous_form	external_guess,ambiguous
дворниками	двор	1	1	lemma_suffix:ник:v1	SAFE	ambiguous_form	external_guess,ambiguous
дворниках	двор	1	1	lemma_suffix:ник:v1	SAFE	ambiguous_form	external_guess,ambiguous
дворнике	двор	1	1	lemma_suffix:ник:v1	SAFE	ambiguous_form	external_guess,ambiguous
дворники	двор	1	1	lemma_suffix:ник:v1	SAFE	ambiguous_form	external_guess
дворников	двор	1	1	lemma_suffix:ник:v1	SAFE	pymorphy_outside	external_guess
дворником	двор	1	1	lemma_suffix:ник:v1	SAFE	ambiguous_form	external_guess
дворнику	двор	1	1	lemma_suffix:ник:v1	SAFE	ambiguous_form	external_guess,ambiguous
дворовый	двор	1	1	relational_adjective:овый:v1	SAFE	graph_node	external_guess,pos:ADJF/NOUN,homonym_prone_proof
девятый	девять	1	1	ordinal:v1	SAFE	graph_node	external_guess,pos:ANUM/NUMR
докторский	доктор	1	1	relational_adjective:ский:v1	SAFE	graph_node	external_guess,pos:ADJF/NOUN,homonym_prone_proof
дополниться	дополняться	1	1	verbal_aspect:same:иться/яться:v1	SAFE	graph_node	external_guess
дробь	дробный	1	1	relational_adjective:ный:v1	SAFE	graph_node	external_guess,pos:NOUN/ADJF,homonym_prone_proof
дубово	дуб	1	1	relational_adjective:овый:v1	SAFE	pymorphy_outside	external_guess,short,pos:ADJF/NOUN
дубовом	дуб	1	1	relational_adjective:овый:v1	SAFE	ambiguous_form	external_guess,short,pos:ADJF/NOUN
дубовый	дуб	1	1	relational_adjective:овый:v1	SAFE	graph_node	external_guess,short,pos:ADJF/NOUN,homonym_prone_proof
дубовым	дуб	1	1	relational_adjective:овый:v1	SAFE	ambiguous_form	external_guess,short,pos:ADJF/NOUN
дымный	дым	1	1	relational_adjective:ный:v1	SAFE	graph_node	external_guess,short,pos:ADJF/NOUN,homonym_prone_proof
жгутиковый	жгутик	1	1	lemma_suffix:овый:v1	SAFE	graph_node	external_guess,pos:ADJF/NOUN,homonym_prone_proof
жена	женский	1	1	relational_adjective:ский:v1	SAFE	graph_node	pos:NOUN/ADJF,homonym_prone_proof
жене	женский	1	1	relational_adjective:ский:v1	SAFE	ambiguous_form	external_guess,pos:NOUN/ADJF
женский	жена	1	1	relational_adjective:ский:v1	SAFE	graph_node	pos:ADJF/NOUN,homonym_prone_proof
жирник	жир	1	1	lemma_suffix:ник:v1	SAFE	graph_node	external_guess,short,homonym_prone_proof
жирников	жир	1	1	lemma_suffix:ник:v1	SAFE	pymorphy_outside	external_guess,short
жирный	жир	1	1	relational_adjective:ный:v1	SAFE	graph_node	external_guess,short,pos:ADJF/NOUN,homonym_prone_proof
завершаться	завершиться	1	1	verbal_aspect:same:аться/иться:v1	SAFE	graph_node	external_guess
завершить	завершать	1	1	verbal_aspect:same:ать/ить:v1	SAFE	graph_node	
заводский	завод	1	1	lemma_suffix:ский:v1	SAFE	graph_node	external_guess,ambiguous,pos:ADJF/NOUN,homonym_prone_proof
заменять	заменить	1	1	verbal_aspect:same:ить/ять:v1	SAFE	graph_node	external_guess
зародышевый	зародыш	1	1	lemma_suffix:евый:v1	SAFE	graph_node	external_guess,pos:ADJF/NOUN,homonym_prone_proof
заселить	заселять	1	1	verbal_aspect:same:ить/ять:v1	SAFE	graph_node	
заселять	заселить	1	1	verbal_aspect:same:ить/ять:v1	SAFE	graph_node	
захватывать	захватить	1	1	verbal_aspect:same:ить/ывать:v1	SAFE	graph_node	external_guess
злак	злаковый	1	1	relational_adjective:овый:v1	SAFE	graph_node	external_guess,pos:NOUN/ADJF,homonym_prone_proof
зрительский	зритель	1	1	lemma_suffix:ский:v1	SAFE	graph_node	external_guess,pos:ADJF/NOUN,homonym_prone_proof
издательский	издатель	1	1	lemma_suffix:ский:v1	SAFE	graph_node	external_guess,pos:ADJF/NOUN,homonym_prone_proof
излучить	излучать	1	1	verbal_aspect:same:ать/ить:v1	SAFE	graph_node	external_guess
излучиться	излучаться	1	1	verbal_aspect:same:аться/иться:v1	SAFE	graph_node	external_guess
измени	изменять	1	1	verbal_aspect:same:ить/ять:v1	SAFE	ambiguous_form	external_guess,ambiguous
изменил	изменять	1	1	verbal_aspect:same:ить/ять:v1	SAFE	ambiguous_form	external_guess,ambiguous
изменила	изменять	1	1	verbal_aspect:same:ить/ять:v1	SAFE	ambiguous_form	external_guess,ambiguous
изменили	изменять	1	1	verbal_aspect:same:ить/ять:v1	SAFE	ambiguous_form	external_guess,ambiguous
изменило	изменять	1	1	verbal_aspect:same:ить/ять:v1	SAFE	ambiguous_form	external_guess,ambiguous
изменим	изменять	1	1	verbal_aspect:same:ить/ять:v1	SAFE	ambiguous_form	external_guess,ambiguous
изменимте	изменять	1	1	verbal_aspect:same:ить/ять:v1	SAFE	ambiguous_form	external_guess,ambiguous
изменит	изменять	1	1	verbal_aspect:same:ить/ять:v1	SAFE	ambiguous_form	external_guess,ambiguous
измените	изменять	1	1	verbal_aspect:same:ить/ять:v1	SAFE	ambiguous_form	external_guess,ambiguous
изменить	изменять	1	1	verbal_aspect:same:ить/ять:v1	SAFE	graph_node	
измениться	изменяться	1	1	verbal_aspect:same:иться/яться:v1	SAFE	graph_node	
изменишь	изменять	1	1	verbal_aspect:same:ить/ять:v1	SAFE	ambiguous_form	external_guess,ambiguous
изменю	изменять	1	1	verbal_aspect:same:ить/ять:v1	SAFE	ambiguous_form	external_guess,ambiguous
изменят	изменять	1	1	verbal_aspect:same:ить/ять:v1	SAFE	ambiguous_form	external_guess,ambiguous
изменяться	измениться	1	1	verbal_aspect:same:иться/яться:v1	SAFE	graph_node	
измерить	измерять	1	1	verbal_aspect:same:ить/ять:v1	SAFE	graph_node	external_guess
измучивать	измучить	1	1	verbal_aspect:same:ивать/ить:v1	SAFE	graph_node	external_guess
инженерный	инженер	1	1	relational_adjective:ный:v1	SAFE	graph_node	external_guess,pos:ADJF/NOUN,homonym_prone_proof
инженерский	инженер	1	1	relational_adjective:ский:v1	SAFE	graph_node	external_guess,pos:ADJF/NOUN,homonym_prone_proof
исключать	исключить	1	1	verbal_aspect:same:ать/ить:v1	SAFE	graph_node	
исключить	исключать	1	1	verbal_aspect:same:ать/ить:v1	SAFE	graph_node	
испарить	испарять	1	1	verbal_aspect:same:ить/ять:v1	SAFE	graph_node	external_guess
исполнять	исполнить	1	1	verbal_aspect:same:ить/ять:v1	SAFE	graph_node	external_guess
исследователь	исследовательский	1	1	lemma_suffix:ский:v1	SAFE	graph_node	pos:NOUN/ADJF,homonym_prone_proof
каловый	кал	1	1	relational_adjective:овый:v1	SAFE	graph_node	external_guess,short,pos:ADJF/NOUN,homonym_prone_proof
капуста	капустный	1	1	relational_adjective:ный:v1	SAFE	graph_node	external_guess,pos:NOUN/ADJF,homonym_prone_proof
катнуть	катать	1	1	verbal_aspect:same:ать/нуть:v1	SAFE	graph_node	external_guess
качнуть	качать	1	1	verbal_aspect:same:ать/нуть:v1	SAFE	graph_node	external_guess
командный	команда	1	1	relational_adjective:ный:v1	SAFE	graph_node	external_guess,pos:ADJF/NOUN,homonym_prone_proof
комариный	комар	1	1	relational_adjective:иный:v1	SAFE	graph_node	external_guess,pos:ADJF/NOUN,homonym_prone_proof
компасный	компас	1	1	relational_adjective:ный:v1	SAFE	graph_node	external_guess,pos:ADJF/NOUN,homonym_prone_proof
корень	коренной	1	1	relational_adjective:ной:v1	SAFE	graph_node	pos:NOUN/ADJF,homonym_prone_proof
корней	коренной	1	1	relational_adjective:ной:v1	SAFE	pymorphy_outside	external_guess,pos:NOUN/ADJF
крат	кратный	1	1	relational_adjective:ный:v1	SAFE	graph_node	external_guess,pos:NOUN/ADJF,homonym_prone_proof
кукурузный	кукуруза	1	1	relational_adjective:ный:v1	SAFE	graph_node	external_guess,pos:ADJF/NOUN,homonym_prone_proof
кукурузовод	кукуруза	1	1	profession:v1	SAFE	pymorphy_outside	external_guess
курганный	курган	1	1	relational_adjective:ный:v1	SAFE	graph_node	external_guess,pos:ADJF/NOUN,homonym_prone_proof
кустарниковый	кустарник	1	1	lemma_suffix:овый:v1	SAFE	graph_node	external_guess,pos:ADJF/NOUN,homonym_prone_proof
ламповый	лампа	1	1	relational_adjective:овый:v1	SAFE	graph_node	external_guess,pos:ADJF/NOUN,homonym_prone_proof
лед	ледовый	1	1	relational_adjective:овый:v1	SAFE	graph_node	short,pos:NOUN/ADJF,homonym_prone_proof
лосось	лососевый	1	1	relational_adjective:евый:v1	SAFE	graph_node	external_guess,pos:NOUN/ADJF,homonym_prone_proof
лунный	луна	1	1	relational_adjective:ный:v1	SAFE	graph_node	external_guess,pos:ADJF/NOUN,homonym_prone_proof
магазинный	магазин	1	1	relational_adjective:ный:v1	SAFE	graph_node	external_guess,pos:ADJF/NOUN,homonym_prone_proof
магнитная	магнит	1	1	relational_adjective:ный:v1	SAFE	pymorphy_outside	external_guess,pos:ADJF/NOUN
магнитную	магнит	1	1	relational_adjective:ный:v1	SAFE	ambiguous_form	external_guess,pos:ADJF/NOUN
магнитный	магнит	1	1	relational_adjective:ный:v1	SAFE	graph_node	pos:ADJF/NOUN,homonym_prone_proof
мае	майский	1	1	lemma_suffix:ский:v1	SAFE	ambiguous_form	external_guess,short,pos:NOUN/ADJF
май	майский	1	1	lemma_suffix:ский:v1	SAFE	graph_node	short,pos:NOUN/ADJF,homonym_prone_proof
материк	материковый	1	1	lemma_suffix:овый:v1	SAFE	graph_node	pos:NOUN/ADJF,homonym_prone_proof
материковый	материк	1	1	lemma_suffix:овый:v1	SAFE	graph_node	pos:ADJF/NOUN,homonym_prone_proof
махнуть	махать	1	1	verbal_aspect:same:ать/нуть:v1	SAFE	graph_node	external_guess
мая	майский	1	1	lemma_suffix:ский:v1	SAFE	pymorphy_outside	external_guess,short,pos:NOUN/ADJF
маятниковый	маятник	1	1	lemma_suffix:овый:v1	SAFE	graph_node	external_guess,pos:ADJF/NOUN,homonym_prone_proof
минный	мина	1	1	relational_adjective:ный:v1	SAFE	graph_node	external_guess,pos:ADJF/NOUN,homonym_prone_proof
море	морской	1	1	relational_adjective:ской:v1	SAFE	graph_node	pos:NOUN/ADJF,homonym_prone_proof
морозный	мороз	1	1	relational_adjective:ный:v1	SAFE	graph_node	external_guess,pos:ADJF/NOUN,homonym_prone_proof
морю	морской	1	1	relational_adjective:ской:v1	SAFE	ambiguous_form	external_guess,pos:NOUN/ADJF
моря	морской	1	1	relational_adjective:ской:v1	SAFE	ambiguous_form	external_guess,pos:NOUN/ADJF
мощи	мощный	1	1	relational_adjective:ный:v1	SAFE	graph_node	external_guess,pos:NOUN/ADJF
мощь	мощный	1	1	relational_adjective:ный:v1	SAFE	graph_node	external_guess,pos:NOUN/ADJF,homonym_prone_proof
муравейник	муравей	1	1	lemma_suffix:ник:v1	SAFE	graph_node	external_guess,homonym_prone_proof
муравейника	муравей	1	1	lemma_suffix:ник:v1	SAFE	ambiguous_form	external_guess,ambiguous
муравейникам	муравей	1	1	lemma_suffix:ник:v1	SAFE	ambiguous_form	external_guess,ambiguous
муравейниками	муравей	1	1	lemma_suffix:ник:v1	SAFE	ambiguous_form	external_guess,ambiguous
муравейниках	муравей	1	1	lemma_suffix:ник:v1	SAFE	ambiguous_form	external_guess,ambiguous
муравейнике	муравей	1	1	lemma_suffix:ник:v1	SAFE	ambiguous_form	external_guess,ambiguous
муравейники	муравей	1	1	lemma_suffix:ник:v1	SAFE	ambiguous_form	external_guess,ambiguous
муравейников	муравей	1	1	lemma_suffix:ник:v1	SAFE	ambiguous_form	external_guess
муравейником	муравей	1	1	lemma_suffix:ник:v1	SAFE	ambiguous_form	external_guess,ambiguous
муравейнику	муравей	1	1	lemma_suffix:ник:v1	SAFE	ambiguous_form	external_guess,ambiguous
мусорный	мусор	1	1	relational_adjective:ный:v1	SAFE	graph_node	external_guess,pos:ADJF/NOUN,homonym_prone_proof
мышьяковый	мышьяк	1	1	lemma_suffix:овый:v1	SAFE	graph_node	external_guess,pos:ADJF/NOUN,homonym_prone_proof
мясо	мясной	1	1	relational_adjective:ной:v1	SAFE	graph_node	external_guess,pos:NOUN/ADJF,homonym_prone_proof
наблюдательский	наблюдатель	1	1	lemma_suffix:ский:v1	SAFE	graph_node	external_guess,pos:ADJF/NOUN,homonym_prone_proof
навели	наводить	1	1	verbal_aspect:alt:ить/ти:v1	SAFE	ambiguous_form	external_guess
навести	наводить	1	1	verbal_aspect:alt:ить/ти:v1	SAFE	graph_node	external_guess
накладывать	наложить	1	1	verbal_aspect:cross:ить/ывать:v1	SAFE	graph_node	
налоговый	налог	1	1	lemma_suffix:овый:v1	SAFE	graph_node	external_guess,pos:ADJF/NOUN,homonym_prone_proof
наложить	накладывать	1	1	verbal_aspect:cross:ить/ывать:v1	SAFE	graph_node	
нарушиться	нарушаться	1	1	verbal_aspect:same:аться/иться:v1	SAFE	graph_node	external_guess
населить	населять	1	1	verbal_aspect:same:ить/ять:v1	SAFE	graph_node	
населять	населить	1	1	verbal_aspect:same:ить/ять:v1	SAFE	graph_node	
нога	ножка	1	1	diminutive:v1	SAFE	graph_node	
ножка	нога	1	1	diminutive:v1	SAFE	graph_node	
норный	нора	1	1	relational_adjective:ный:v1	SAFE	graph_node	external_guess,pos:ADJF/NOUN,homonym_prone_proof
ночного	ночь	1	1	relational_adjective:ной:v1	SAFE	ambiguous_form	external_guess,pos:ADJF/NOUN
ночное	ночь	1	1	relational_adjective:ной:v1	SAFE	graph_node	external_guess,pos:ADJF/NOUN
ночной	ночь	1	1	relational_adjective:ной:v1	SAFE	graph_node	external_guess,pos:ADJF/NOUN,homonym_prone_proof
ночном	ночь	1	1	relational_adjective:ной:v1	SAFE	ambiguous_form	external_guess,pos:ADJF/NOUN
ночному	ночь	1	1	relational_adjective:ной:v1	SAFE	ambiguous_form	external_guess,pos:ADJF/NOUN
ночные	ночь	1	1	relational_adjective:ной:v1	SAFE	ambiguous_form	external_guess,pos:ADJF/NOUN
ночным	ночь	1	1	relational_adjective:ной:v1	SAFE	ambiguous_form	external_guess,pos:ADJF/NOUN
ночных	ночь	1	1	relational_adjective:ной:v1	SAFE	ambiguous_form	external_guess,pos:ADJF/NOUN
обнаружить	обнаруживать	1	1	verbal_aspect:same:ивать/ить:v1	SAFE	graph_node	
обобщить	обобщать	1	1	verbal_aspect:same:ать/ить:v1	SAFE	graph_node	
обобщиться	обобщаться	1	1	verbal_aspect:same:аться/иться:v1	SAFE	graph_node	external_guess
обрядовый	обряд	1	1	lemma_suffix:овый:v1	SAFE	graph_node	external_guess,pos:ADJF/NOUN,homonym_prone_proof
озеро	озерный	1	1	relational_adjective:ный:v1	SAFE	graph_node	pos:NOUN/ADJF,homonym_prone_proof
озёр	озерный	1	1	relational_adjective:ный:v1	SAFE	ambiguous_form	external_guess,pos:NOUN/ADJF
озёрам	озерный	1	1	relational_adjective:ный:v1	SAFE	ambiguous_form	external_guess,pos:NOUN/ADJF
озёрами	озерный	1	1	relational_adjective:ный:v1	SAFE	ambiguous_form	external_guess,pos:NOUN/ADJF
озёрах	озерный	1	1	relational_adjective:ный:v1	SAFE	ambiguous_form	external_guess,pos:NOUN/ADJF
окружать	окружить	1	1	verbal_aspect:same:ать/ить:v1	SAFE	graph_node	
омулевый	омуль	1	1	relational_adjective:евый:v1	SAFE	graph_node	external_guess,pos:ADJF/NOUN,homonym_prone_proof
опекунский	опекун	1	1	lemma_suffix:ский:v1	SAFE	graph_node	external_guess,pos:ADJF/NOUN,homonym_prone_proof
осетровый	осетр	1	1	relational_adjective:овый:v1	SAFE	graph_node	external_guess,pos:ADJF/NOUN,homonym_prone_proof
откладывать	отложить	1	1	verbal_aspect:cross:ить/ывать:v1	SAFE	graph_node	
отклонить	отклонять	1	1	verbal_aspect:same:ить/ять:v1	SAFE	graph_node	external_guess
отложить	откладывать	1	1	verbal_aspect:cross:ить/ывать:v1	SAFE	graph_node	
отстранять	отстранить	1	1	verbal_aspect:same:ить/ять:v1	SAFE	graph_node	external_guess
отступить	отступать	1	1	verbal_aspect:same:ать/ить:v1	SAFE	graph_node	external_guess
охранить	охранять	1	1	verbal_aspect:same:ить/ять:v1	SAFE	graph_node	external_guess
оценивать	оценить	1	1	verbal_aspect:same:ивать/ить:v1	SAFE	graph_node	external_guess
очаговый	очаг	1	1	relational_adjective:овый:v1	SAFE	graph_node	external_guess,pos:ADJF/NOUN,homonym_prone_proof
очерк	очерковый	1	1	lemma_suffix:овый:v1	SAFE	graph_node	pos:NOUN/ADJF,homonym_prone_proof
очерковый	очерк	1	1	lemma_suffix:овый:v1	SAFE	graph_node	pos:ADJF/NOUN,homonym_prone_proof
палатный	палата	1	1	relational_adjective:ный:v1	SAFE	graph_node	external_guess,pos:ADJF/NOUN,homonym_prone_proof
памятный	память	1	1	relational_adjective:ный:v1	SAFE	graph_node	external_guess,pos:ADJF/NOUN,homonym_prone_proof
парник	пар	1	1	lemma_suffix:ник:v1	SAFE	graph_node	external_guess,ambiguous,short,homonym_prone_proof
парника	пар	1	1	lemma_suffix:ник:v1	SAFE	ambiguous_form	external_guess,ambiguous,short
парникам	пар	1	1	lemma_suffix:ник:v1	SAFE	ambiguous_form	external_guess,ambiguous,short
парниками	пар	1	1	lemma_suffix:ник:v1	SAFE	ambiguous_form	external_guess,ambiguous,short
парниках	пар	1	1	lemma_suffix:ник:v1	SAFE	ambiguous_form	external_guess,ambiguous,short
парнике	пар	1	1	lemma_suffix:ник:v1	SAFE	ambiguous_form	external_guess,ambiguous,short
парники	пар	1	1	lemma_suffix:ник:v1	SAFE	ambiguous_form	external_guess,ambiguous,short
парников	пар	1	1	lemma_suffix:ник:v1	SAFE	ambiguous_form	external_guess,short
парником	пар	1	1	lemma_suffix:ник:v1	SAFE	ambiguous_form	external_guess,ambiguous,short
парнику	пар	1	1	lemma_suffix:ник:v1	SAFE	ambiguous_form	external_guess,ambiguous,short
парусник	парус	1	1	lemma_suffix:ник:v1	SAFE	graph_node	external_guess,ambiguous,homonym_prone_proof
парусника	парус	1	1	lemma_suffix:ник:v1	SAFE	ambiguous_form	external_guess,ambiguous
парусникам	парус	1	1	lemma_suffix:ник:v1	SAFE	ambiguous_form	external_guess,ambiguous
парусниками	парус	1	1	lemma_suffix:ник:v1	SAFE	ambiguous_form	external_guess,ambiguous
парусниках	парус	1	1	lemma_suffix:ник:v1	SAFE	ambiguous_form	external_guess,ambiguous
паруснике	парус	1	1	lemma_suffix:ник:v1	SAFE	ambiguous_form	external_guess,ambiguous
парусники	парус	1	1	lemma_suffix:ник:v1	SAFE	ambiguous_form	external_guess,ambiguous
парусников	парус	1	1	lemma_suffix:ник:v1	SAFE	ambiguous_form	external_guess
парусником	парус	1	1	lemma_suffix:ник:v1	SAFE	ambiguous_form	external_guess,ambiguous
паруснику	парус	1	1	lemma_suffix:ник:v1	SAFE	ambiguous_form	external_guess,ambiguous
парусный	парус	1	1	relational_adjective:ный:v1	SAFE	graph_node	external_guess,pos:ADJF/NOUN,homonym_prone_proof
переселяться	переселиться	1	1	verbal_aspect:same:иться/яться:v1	SAFE	graph_node	external_guess
печать	печатный	1	1	relational_adjective:ный:v1	SAFE	graph_node	external_guess,pos:NOUN/ADJF,homonym_prone_proof
плав	плавник	1	1	lemma_suffix:ник:v1	SAFE	graph_node	external_guess,homonym_prone_proof
плавниковый	плавник	1	1	lemma_suffix:овый:v1	SAFE	graph_node	external_guess,pos:ADJF/NOUN,homonym_prone_proof
платный	плата	1	1	relational_adjective:ный:v1	SAFE	graph_node	external_guess,pos:ADJF/NOUN,homonym_prone_proof
пленник	плен	1	1	lemma_suffix:ник:v1	SAFE	graph_node	external_guess,homonym_prone_proof
пленного	плен	1	1	relational_adjective:ный:v1	SAFE	ambiguous_form	external_guess,ambiguous,pos:ADJF/NOUN
пленном	плен	1	1	relational_adjective:ный:v1	SAFE	ambiguous_form	external_guess,ambiguous,pos:ADJF/NOUN
пленному	плен	1	1	relational_adjective:ный:v1	SAFE	ambiguous_form	external_guess,ambiguous,pos:ADJF/NOUN
пленные	плен	1	1	relational_adjective:ный:v1	SAFE	ambiguous_form	external_guess,ambiguous,pos:ADJF/NOUN
пленный	плен	1	1	relational_adjective:ный:v1	SAFE	graph_node	external_guess,ambiguous,pos:ADJF/NOUN,homonym_prone_proof
пленным	плен	1	1	relational_adjective:ный:v1	SAFE	ambiguous_form	external_guess,pos:ADJF/NOUN
пленными	плен	1	1	relational_adjective:ный:v1	SAFE	ambiguous_form	external_guess
пленных	плен	1	1	relational_adjective:ный:v1	SAFE	ambiguous_form	external_guess,ambiguous,pos:ADJF/NOUN
плечной	плечо	1	1	relational_adjective:ной:v1	SAFE	graph_node	external_guess,pos:ADJF/NOUN,homonym_prone_proof
плитный	плита	1	1	relational_adjective:ный:v1	SAFE	graph_node	external_guess,pos:ADJF/NOUN,homonym_prone_proof
плод	плодный	1	1	relational_adjective:ный:v1	SAFE	graph_node	pos:NOUN/ADJF,homonym_prone_proof
повториться	повторяться	1	1	verbal_aspect:same:иться/яться:v1	SAFE	graph_node	external_guess
подъемник	подъем	1	1	lemma_suffix:ник:v1	SAFE	graph_node	external_guess,homonym_prone_proof
поклон	поклонник	1	1	lemma_suffix:ник:v1	SAFE	graph_node	external_guess,homonym_prone_proof
получаться	получиться	1	1	verbal_aspect:same:аться/иться:v1	SAFE	graph_node	
поощрять	поощрить	1	1	verbal_aspect:same:ить/ять:v1	SAFE	graph_node	external_guess
пополнить	пополнять	1	1	verbal_aspect:same:ить/ять:v1	SAFE	graph_node	external_guess
поселять	поселить	1	1	verbal_aspect:same:ить/ять:v1	SAFE	graph_node	external_guess
поселяться	поселиться	1	1	verbal_aspect:same:иться/яться:v1	SAFE	graph_node	external_guess
посетительский	посетитель	1	1	lemma_suffix:ский:v1	SAFE	graph_node	external_guess,pos:ADJF/NOUN,homonym_prone_proof
поступать	поступить	1	1	verbal_aspect:same:ать/ить:v1	SAFE	graph_node	
почта	почтовый	1	1	relational_adjective:овый:v1	SAFE	graph_node	external_guess,pos:NOUN/ADJF,homonym_prone_proof
почту	почтовый	1	1	relational_adjective:овый:v1	SAFE	ambiguous_form	external_guess,pos:NOUN/ADJF
председательский	председатель	1	1	lemma_suffix:ский:v1	SAFE	graph_node	external_guess,pos:ADJF/NOUN,homonym_prone_proof
преподавательский	преподаватель	1	1	lemma_suffix:ский:v1	SAFE	graph_node	external_guess,pos:ADJF/NOUN,homonym_prone_proof
привыкать	привыкнуть	1	1	verbal_aspect:same:ать/нуть:v1	SAFE	graph_node	external_guess
прикладывать	приложить	1	1	verbal_aspect:cross:ить/ывать:v1	SAFE	graph_node	external_guess
применить	применять	1	1	verbal_aspect:same:ить/ять:v1	SAFE	graph_node	
причислить	причислять	1	1	verbal_aspect:same:ить/ять:v1	SAFE	graph_node	external_guess
проба	пробный	1	1	relational_adjective:ный:v1	SAFE	graph_node	pos:NOUN/ADJF,homonym_prone_proof
пробный	проба	1	1	relational_adjective:ный:v1	SAFE	graph_node	pos:ADJF/NOUN,homonym_prone_proof
проверять	проверить	1	1	verbal_aspect:same:ить/ять:v1	SAFE	graph_node	external_guess
пугнуть	пугать	1	1	verbal_aspect:same:ать/нуть:v1	SAFE	graph_node	external_guess
разваливаться	развалиться	1	1	verbal_aspect:same:иваться/иться:v1	SAFE	graph_node	external_guess
разговорник	разговор	1	1	lemma_suffix:ник:v1	SAFE	graph_node	external_guess,homonym_prone_proof
разделить	разделять	1	1	verbal_aspect:same:ить/ять:v1	SAFE	graph_node	
расшириться	расширяться	1	1	verbal_aspect:same:иться/яться:v1	SAFE	graph_node	external_guess
решать	решить	1	1	verbal_aspect:same:ать/ить:v1	SAFE	graph_node	
решиться	решаться	1	1	verbal_aspect:same:аться/иться:v1	SAFE	graph_node	external_guess
родительский	родитель	1	1	lemma_suffix:ский:v1	SAFE	graph_node	external_guess,pos:ADJF/NOUN,homonym_prone_proof
ртутный	ртуть	1	1	relational_adjective:ный:v1	SAFE	graph_node	external_guess,pos:ADJF/NOUN,homonym_prone_proof
рудниковый	рудник	1	1	lemma_suffix:овый:v1	SAFE	graph_node	external_guess,pos:ADJF/NOUN,homonym_prone_proof
русловый	русло	1	1	relational_adjective:овый:v1	SAFE	graph_node	external_guess,pos:ADJF/NOUN,homonym_prone_proof
ручейник	ручей	1	1	lemma_suffix:ник:v1	SAFE	graph_node	external_guess,homonym_prone_proof
рыба	рыбный	1	1	relational_adjective:ный:v1	SAFE	graph_node	pos:NOUN/ADJF,homonym_prone_proof
сахар	сахарный	1	1	relational_adjective:ный:v1	SAFE	graph_node	pos:NOUN/ADJF,homonym_prone_proof
сахара	сахарный	1	1	relational_adjective:ный:v1	SAFE	pymorphy_outside	external_guess,pos:NOUN/ADJF
сахарный	сахар	1	1	relational_adjective:ный:v1	SAFE	graph_node	pos:ADJF/NOUN,homonym_prone_proof
сахаров	сахарный	1	1	relational_adjective:ный:v1	SAFE	pymorphy_outside	external_guess,pos:NOUN/ADJF
сахару	сахарный	1	1	relational_adjective:ный:v1	SAFE	ambiguous_form	external_guess,pos:NOUN/ADJF
сбор	сборник	1	1	lemma_suffix:ник:v1	SAFE	graph_node	homonym_prone_proof
сброс	сбросовый	1	1	lemma_suffix:овый:v1	SAFE	graph_node	pos:NOUN/ADJF,homonym_prone_proof
сбросовый	сброс	1	1	lemma_suffix:овый:v1	SAFE	graph_node	pos:ADJF/NOUN,homonym_prone_proof
сдружаться	сдружиться	1	1	verbal_aspect:same:аться/иться:v1	SAFE	graph_node	external_guess
сезон	сезонный	1	1	relational_adjective:ный:v1	SAFE	graph_node	pos:NOUN/ADJF,homonym_prone_proof
сезонник	сезон	1	1	lemma_suffix:ник:v1	SAFE	graph_node	external_guess,homonym_prone_proof
сезонный	сезон	1	1	relational_adjective:ный:v1	SAFE	graph_node	pos:ADJF/NOUN,homonym_prone_proof
серный	сера	1	1	relational_adjective:ный:v1	SAFE	graph_node	external_guess,pos:ADJF/NOUN,homonym_prone_proof
сетная	сеть	1	1	relational_adjective:ный:v1	SAFE	ambiguous_form	external_guess,ambiguous,pos:ADJF/NOUN
сетного	сеть	1	1	relational_adjective:ный:v1	SAFE	ambiguous_form	external_guess,ambiguous,pos:ADJF/NOUN
сетное	сеть	1	1	relational_adjective:ный:v1	SAFE	ambiguous_form	external_guess,ambiguous,pos:ADJF/NOUN
сетной	сеть	1	1	relational_adjective:ный:v1	SAFE	graph_node	external_guess,ambiguous,pos:ADJF/NOUN,homonym_prone_proof
сетном	сеть	1	1	relational_adjective:ный:v1	SAFE	ambiguous_form	external_guess,ambiguous,pos:ADJF/NOUN
сетному	сеть	1	1	relational_adjective:ный:v1	SAFE	ambiguous_form	external_guess,ambiguous,pos:ADJF/NOUN
сетною	сеть	1	1	relational_adjective:ный:v1	SAFE	ambiguous_form	external_guess,ambiguous,pos:ADJF/NOUN
сетную	сеть	1	1	relational_adjective:ный:v1	SAFE	ambiguous_form	external_guess,ambiguous,pos:ADJF/NOUN
сетные	сеть	1	1	relational_adjective:ный:v1	SAFE	ambiguous_form	external_guess,ambiguous,pos:ADJF/NOUN
сетный	сеть	1	1	relational_adjective:ный:v1	SAFE	graph_node	external_guess,pos:ADJF/NOUN,homonym_prone_proof
сетным	сеть	1	1	relational_adjective:ный:v1	SAFE	ambiguous_form	external_guess,ambiguous,pos:ADJF/NOUN
сетными	сеть	1	1	relational_adjective:ный:v1	SAFE	ambiguous_form	external_guess,ambiguous,pos:ADJF/NOUN
сетных	сеть	1	1	relational_adjective:ный:v1	SAFE	ambiguous_form	external_guess,ambiguous,pos:ADJF/NOUN
сиговый	сиг	1	1	relational_adjective:овый:v1	SAFE	graph_node	external_guess,short,pos:ADJF/NOUN,homonym_prone_proof
ситного	сито	1	1	relational_adjective:ный:v1	SAFE	ambiguous_form	external_guess,ambiguous,pos:ADJF/NOUN
ситном	сито	1	1	relational_adjective:ный:v1	SAFE	ambiguous_form	external_guess,ambiguous,pos:ADJF/NOUN
ситному	сито	1	1	relational_adjective:ный:v1	SAFE	ambiguous_form	external_guess,ambiguous,pos:ADJF/NOUN
ситные	сито	1	1	relational_adjective:ный:v1	SAFE	ambiguous_form	external_guess,ambiguous,pos:ADJF/NOUN
ситный	сито	1	1	relational_adjective:ный:v1	SAFE	graph_node	external_guess,ambiguous,pos:ADJF/NOUN,homonym_prone_proof
ситным	сито	1	1	relational_adjective:ный:v1	SAFE	ambiguous_form	external_guess,ambiguous,pos:ADJF/NOUN
ситными	сито	1	1	relational_adjective:ный:v1	SAFE	ambiguous_form	external_guess,ambiguous,pos:ADJF/NOUN
ситных	сито	1	1	relational_adjective:ный:v1	SAFE	ambiguous_form	external_guess,ambiguous,pos:ADJF/NOUN
ситовый	сито	1	1	relational_adjective:овый:v1	SAFE	graph_node	external_guess,pos:ADJF/NOUN,homonym_prone_proof
складываться	сложиться	1	1	verbal_aspect:cross:иться/ываться:v1	SAFE	graph_node	
слезный	слеза	1	1	relational_adjective:ный:v1	SAFE	graph_node	external_guess,pos:ADJF/NOUN,homonym_prone_proof
сложить	складывать	1	1	verbal_aspect:cross:ить/ывать:v1	SAFE	graph_node	external_guess
слоновый	слон	1	1	relational_adjective:овый:v1	SAFE	graph_node	external_guess,pos:ADJF/NOUN,homonym_prone_proof
слюна	слюнный	1	1	relational_adjective:ный:v1	SAFE	graph_node	external_guess,pos:NOUN/ADJF,homonym_prone_proof
совершать	совершить	1	1	verbal_aspect:same:ать/ить:v1	SAFE	graph_node	
совершиться	совершаться	1	1	verbal_aspect:same:аться/иться:v1	SAFE	graph_node	external_guess
соединиться	соединяться	1	1	verbal_aspect:same:иться/яться:v1	SAFE	graph_node	external_guess
солдат	солдатский	1	1	relational_adjective:ский:v1	SAFE	graph_node	pos:NOUN/ADJF,homonym_prone_proof
солдатский	солдат	1	1	relational_adjective:ский:v1	SAFE	graph_node	pos:ADJF/NOUN,homonym_prone_proof
сообщать	сообщить	1	1	verbal_aspect:same:ать/ить:v1	SAFE	graph_node	
сообщить	сообщать	1	1	verbal_aspect:same:ать/ить:v1	SAFE	graph_node	
сообщиться	сообщаться	1	1	verbal_aspect:same:аться/иться:v1	SAFE	graph_node	external_guess
сорный	сор	1	1	relational_adjective:ный:v1	SAFE	graph_node	external_guess,short,pos:ADJF/NOUN,homonym_prone_proof
соседский	сосед	1	1	lemma_suffix:ский:v1	SAFE	graph_node	external_guess,pos:ADJF/NOUN,homonym_prone_proof
сочинять	сочинить	1	1	verbal_aspect:same:ить/ять:v1	SAFE	graph_node	external_guess
союз	союзный	1	1	relational_adjective:ный:v1	SAFE	graph_node	pos:NOUN/ADJF,homonym_prone_proof
союзник	союз	1	1	lemma_suffix:ник:v1	SAFE	graph_node	external_guess,homonym_prone_proof
союзный	союз	1	1	relational_adjective:ный:v1	SAFE	graph_node	pos:ADJF/NOUN,homonym_prone_proof
спариться	спариваться	1	1	verbal_aspect:same:иваться/иться:v1	SAFE	graph_node	external_guess
стадный	стадо	1	1	relational_adjective:ный:v1	SAFE	graph_node	external_guess,pos:ADJF/NOUN,homonym_prone_proof
стенной	стена	1	1	relational_adjective:ной:v1	SAFE	graph_node	external_guess,pos:ADJF/NOUN,homonym_prone_proof
степень	степенный	1	1	relational_adjective:ный:v1	SAFE	graph_node	pos:NOUN/ADJF,homonym_prone_proof
сток	стоковый	1	1	lemma_suffix:овый:v1	SAFE	graph_node	pos:NOUN/ADJF,homonym_prone_proof
столбиковый	столбик	1	1	lemma_suffix:овый:v1	SAFE	graph_node	external_guess,pos:ADJF/NOUN,homonym_prone_proof
сторона	сторонний	1	1	relational_adjective:ний:v1	SAFE	graph_node	pos:NOUN/ADJF,homonym_prone_proof
стороной	сторонний	1	1	relational_adjective:ний:v1	SAFE	pymorphy_outside	external_guess,pos:NOUN/ADJF
струнный	струна	1	1	relational_adjective:ный:v1	SAFE	graph_node	external_guess,pos:ADJF/NOUN,homonym_prone_proof
съездовый	съезд	1	1	lemma_suffix:овый:v1	SAFE	graph_node	external_guess,pos:ADJF/NOUN,homonym_prone_proof
тигриный	тигр	1	1	relational_adjective:иный:v1	SAFE	graph_node	external_guess,pos:ADJF/NOUN,homonym_prone_proof
тигровый	тигр	1	1	relational_adjective:овый:v1	SAFE	graph_node	external_guess,pos:ADJF/NOUN,homonym_prone_proof
тканьевый	ткань	1	1	lemma_suffix:евый:v1	SAFE	graph_node	external_guess,pos:ADJF/NOUN,homonym_prone_proof
торг	торговый	1	1	relational_adjective:овый:v1	SAFE	graph_node	external_guess,pos:NOUN/ADJF,homonym_prone_proof
торги	торговый	1	1	relational_adjective:овый:v1	SAFE	graph_node	external_guess,pos:NOUN/ADJF
торгом	торговый	1	1	relational_adjective:овый:v1	SAFE	pymorphy_outside	external_guess,pos:NOUN/ADJF
тростниковый	тростник	1	1	lemma_suffix:овый:v1	SAFE	graph_node	external_guess,pos:ADJF/NOUN,homonym_prone_proof
трубный	труба	1	1	relational_adjective:ный:v1	SAFE	graph_node	external_guess,pos:ADJF/NOUN,homonym_prone_proof
труд	трудный	1	1	relational_adjective:ный:v1	SAFE	graph_node	pos:NOUN/ADJF,homonym_prone_proof
трупный	труп	1	1	relational_adjective:ный:v1	SAFE	graph_node	external_guess,pos:ADJF/NOUN,homonym_prone_proof
удалиться	удаляться	1	1	verbal_aspect:same:иться/яться:v1	SAFE	graph_node	external_guess
удар	ударный	1	1	relational_adjective:ный:v1	SAFE	graph_node	pos:NOUN/ADJF,homonym_prone_proof
ударник	удар	1	1	lemma_suffix:ник:v1	SAFE	graph_node	external_guess,ambiguous,homonym_prone_proof
ударника	удар	1	1	lemma_suffix:ник:v1	SAFE	ambiguous_form	external_guess
ударникам	удар	1	1	lemma_suffix:ник:v1	SAFE	ambiguous_form	external_guess,ambiguous
ударниками	удар	1	1	lemma_suffix:ник:v1	SAFE	ambiguous_form	external_guess,ambiguous
ударниках	удар	1	1	lemma_suffix:ник:v1	SAFE	ambiguous_form	external_guess
ударнике	удар	1	1	lemma_suffix:ник:v1	SAFE	ambiguous_form	external_guess,ambiguous
ударники	удар	1	1	lemma_suffix:ник:v1	SAFE	ambiguous_form	external_guess,ambiguous
ударников	удар	1	1	lemma_suffix:ник:v1	SAFE	ambiguous_form	external_guess,ambiguous
ударником	удар	1	1	lemma_suffix:ник:v1	SAFE	ambiguous_form	external_guess
ударнику	удар	1	1	lemma_suffix:ник:v1	SAFE	ambiguous_form	external_guess,ambiguous
ударный	удар	1	1	relational_adjective:ный:v1	SAFE	graph_node	pos:ADJF/NOUN,homonym_prone_proof
уединять	уединить	1	1	verbal_aspect:same:ить/ять:v1	SAFE	graph_node	external_guess
ужасать	ужаснуть	1	1	verbal_aspect:same:ать/нуть:v1	SAFE	graph_node	external_guess
урезник	урез	1	1	lemma_suffix:ник:v1	SAFE	graph_node	external_guess,homonym_prone_proof
усиливать	усилить	1	1	verbal_aspect:same:ивать/ить:v1	SAFE	graph_node	external_guess
усилиться	усиливаться	1	1	verbal_aspect:same:иваться/иться:v1	SAFE	graph_node	external_guess
устранять	устранить	1	1	verbal_aspect:same:ить/ять:v1	SAFE	graph_node	external_guess
фонарный	фонарь	1	1	relational_adjective:ный:v1	SAFE	graph_node	external_guess,pos:ADJF/NOUN,homonym_prone_proof
хватит	хватать	1	1	verbal_aspect:same:ать/ить:v1	SAFE	ambiguous_form	external_guess,ambiguous
хватить	хватать	1	1	verbal_aspect:same:ать/ить:v1	SAFE	graph_node	external_guess,ambiguous
церковь	церковный	1	1	relational_adjective:ный:v1	SAFE	graph_node	pos:NOUN/ADJF,homonym_prone_proof
чанный	чан	1	1	relational_adjective:ный:v1	SAFE	graph_node	external_guess,short,pos:ADJF/NOUN,homonym_prone_proof
челюстной	челюсть	1	1	relational_adjective:ной:v1	SAFE	graph_node	external_guess,pos:ADJF/NOUN,homonym_prone_proof
шариковый	шарик	1	1	lemma_suffix:овый:v1	SAFE	graph_node	external_guess,pos:ADJF/NOUN,homonym_prone_proof
шахтный	шахта	1	1	relational_adjective:ный:v1	SAFE	graph_node	external_guess,pos:ADJF/NOUN,homonym_prone_proof
шахтовый	шахта	1	1	relational_adjective:овый:v1	SAFE	graph_node	external_guess,pos:ADJF/NOUN,homonym_prone_proof
шумен	шум	1	1	relational_adjective:ный:v1	SAFE	pymorphy_outside	external_guess,short,pos:ADJF/NOUN
шумный	шум	1	1	relational_adjective:ный:v1	SAFE	graph_node	external_guess,short,pos:ADJF/NOUN,homonym_prone_proof
язык	языковый	1	1	relational_adjective:овый:v1	SAFE	graph_node	pos:NOUN/ADJF,homonym_prone_proof
языка	языковый	1	1	relational_adjective:овый:v1	SAFE	ambiguous_form	external_guess,pos:NOUN/ADJF
языкам	языковый	1	1	relational_adjective:овый:v1	SAFE	ambiguous_form	external_guess,pos:NOUN/ADJF
языками	языковый	1	1	relational_adjective:овый:v1	SAFE	ambiguous_form	external_guess,pos:NOUN/ADJF
языках	языковый	1	1	relational_adjective:овый:v1	SAFE	ambiguous_form	external_guess,pos:NOUN/ADJF
языке	языковый	1	1	relational_adjective:овый:v1	SAFE	ambiguous_form	external_guess,pos:NOUN/ADJF
языки	языковый	1	1	relational_adjective:овый:v1	SAFE	ambiguous_form	external_guess,pos:NOUN/ADJF
языков	языковый	1	1	relational_adjective:овый:v1	SAFE	ambiguous_form	external_guess,pos:NOUN/ADJF
языком	языковый	1	1	relational_adjective:овый:v1	SAFE	ambiguous_form	external_guess,pos:NOUN/ADJF
языку	языковый	1	1	relational_adjective:овый:v1	SAFE	ambiguous_form	external_guess,pos:NOUN/ADJF
