article	kind	token_count	target_count	approved_relations	reviewed_SAFE	reviewed_REJECT	unreviewed	max_fanout	unexpected_openings
articles/baikal.txt	article	2824	1870	23	23	0	0	3	0
articles/bee.txt	article	2658	1575	30	30	0	0	3	0
articles/saturn.txt	article	2638	1483	13	13	0	0	3	0
articles/tolstoy.txt	article	2987	2022	14	14	0	0	3	0
leads/baikal.txt	lead	47	44	1	1	0	0	1	0
leads/bee.txt	lead	43	41	2	2	0	0	3	0
leads/saturn.txt	lead	81	76	0	0	0	0	3	0
leads/tolstoy.txt	lead	95	87	1	1	0	0	3	0
magnetism_math_raw.txt	raw	130	102	1	1	0	0	3	0
magnetism_miller_raw.txt	raw	29	26	1	1	0	0	1	0
moscow_lead_raw.txt	raw	87	76	1	1	0	0	3	0
pool/china.txt	pool	2680	1777	18	18	0	0	3	0
pool/differential.txt	pool	1233	682	9	9	0	0	3	0
pool/em_field.txt	pool	802	558	8	8	0	0	3	0
pool/entropy.txt	pool	1445	838	11	11	0	0	3	0
pool/gauss.txt	pool	2687	1247	13	13	0	0	3	0
pool/integral.txt	pool	1172	741	3	3	0	0	3	0
pool/laplace.txt	pool	392	256	2	2	0	0	3	0
pool/orbital.txt	pool	1098	746	6	6	0	0	3	0
pool/paris.txt	pool	3182	2041	21	21	0	0	3	0
pool/photosynthesis.txt	pool	2621	1476	10	10	0	0	3	0
pool/pythagoras.txt	pool	1687	865	8	8	0	0	3	0
pool/quantum.txt	pool	2781	1677	14	14	0	0	3	0
pool/schrodinger.txt	pool	1077	661	7	7	0	0	3	0
pool/stat_mech.txt	pool	1679	932	9	9	0	0	3	0
pool/thermodynamics.txt	pool	2668	1402	16	16	0	0	3	0
water_editorial_raw.txt	raw	124	104	0	0	0	0	2	0
