root_spelling	note
абзац	Tier B family review: coherent Tikhonov opaque family; compound members retain complete structures.
азарт	Tikhonov family reviewed; opaque root assignment is family-level. Compound members retain complete structures and are not opened by component-only matching.
аммиак	Tikhonov family reviewed; opaque root assignment is family-level. Compound members retain complete structures and are not opened by component-only matching.
аскет	Tikhonov family reviewed; opaque root assignment is family-level. Compound members retain complete structures and are not opened by component-only matching.
аспект	Tier B family review: coherent Tikhonov opaque family; compound members retain complete structures.
аспирант	Tikhonov family reviewed; opaque root assignment is family-level. Compound members retain complete structures and are not opened by component-only matching.
базальт	Tikhonov family reviewed; opaque root assignment is family-level. Compound members retain complete structures and are not opened by component-only matching.
балкон	Tikhonov family reviewed; opaque root assignment is family-level. Compound members retain complete structures and are not opened by component-only matching.
балл	Tikhonov family reviewed; opaque root assignment is family-level. Compound members retain complete structures and are not opened by component-only matching.
бамбук	Tikhonov family reviewed; opaque root assignment is family-level. Compound members retain complete structures and are not opened by component-only matching.
барьер	Tikhonov family reviewed; opaque root assignment is family-level. Compound members retain complete structures and are not opened by component-only matching.
бассейн	Tikhonov family reviewed; opaque root assignment is family-level. Compound members retain complete structures and are not opened by component-only matching.
бастион	Tikhonov family reviewed; opaque root assignment is family-level. Compound members retain complete structures and are not opened by component-only matching.
бизнес	Tikhonov family reviewed; opaque root assignment is family-level. Compound members retain complete structures and are not opened by component-only matching.
бретер	Tier B family review: coherent Tikhonov opaque family; homonym risk reviewed and accepted.
бульон	Tikhonov family reviewed; opaque root assignment is family-level. Compound members retain complete structures and are not opened by component-only matching.
вакуоль	Tier B family review: coherent Tikhonov opaque family; homonym risk reviewed and accepted.
гарнизон	Tikhonov family reviewed; opaque root assignment is family-level. Compound members retain complete structures and are not opened by component-only matching.
гастроном	Tikhonov family reviewed; opaque root assignment is family-level. Compound members retain complete structures and are not opened by component-only matching.
гейзер	Tier B family review: coherent Tikhonov opaque family; technical derivative reviewed.
гектар	Tier B family review: coherent Tikhonov opaque family; compound members retain complete structures.
герцог	Tikhonov family reviewed; opaque root assignment is family-level. Compound members retain complete structures and are not opened by component-only matching.
градиент	Tier B family review: coherent Tikhonov opaque family; technical derivative reviewed.
департамент	Tier B family review: coherent Tikhonov opaque family; proper-name risk reviewed and accepted.
депутат	Tikhonov family reviewed; opaque root assignment is family-level. Compound members retain complete structures and are not opened by component-only matching.
диаметр	Tikhonov family reviewed; opaque root assignment is family-level. Compound members retain complete structures and are not opened by component-only matching.
донор	Tikhonov family reviewed; opaque root assignment is family-level. Compound members retain complete structures and are not opened by component-only matching.
дуэль	Tikhonov family reviewed; opaque root assignment is family-level. Compound members retain complete structures and are not opened by component-only matching.
инвалид	Tikhonov family reviewed; opaque root assignment is family-level. Compound members retain complete structures and are not opened by component-only matching.
итог	Tikhonov family reviewed; opaque root assignment is family-level. Compound members retain complete structures and are not opened by component-only matching.
июнь	Tikhonov family reviewed; opaque root assignment is family-level. Compound members retain complete structures and are not opened by component-only matching.
кандидат	Tikhonov family reviewed; opaque root assignment is family-level. Compound members retain complete structures and are not opened by component-only matching.
кантон	Tikhonov family reviewed; opaque root assignment is family-level. Compound members retain complete structures and are not opened by component-only matching.
катет	Tier B family review: coherent Tikhonov opaque family; technical derivative reviewed.
кельт	Tikhonov family reviewed; opaque root assignment is family-level. Compound members retain complete structures and are not opened by component-only matching.
коллоид	Tikhonov family reviewed; opaque root assignment is family-level. Compound members retain complete structures and are not opened by component-only matching.
компромисс	Tikhonov family reviewed; opaque root assignment is family-level. Compound members retain complete structures and are not opened by component-only matching.
контраст	Tikhonov family reviewed; opaque root assignment is family-level. Compound members retain complete structures and are not opened by component-only matching.
кумык	Tikhonov family reviewed; opaque root assignment is family-level. Compound members retain complete structures and are not opened by component-only matching.
курьер	Tikhonov family reviewed; opaque root assignment is family-level. Compound members retain complete structures and are not opened by component-only matching.
лазер	Tier B family review: coherent Tikhonov opaque family; technical derivatives reviewed.
легион	Tikhonov family reviewed; opaque root assignment is family-level. Compound members retain complete structures and are not opened by component-only matching.
медаль	Tikhonov family reviewed; opaque root assignment is family-level. Compound members retain complete structures and are not opened by component-only matching.
медальон	Tikhonov family reviewed; opaque root assignment is family-level. Compound members retain complete structures and are not opened by component-only matching.
меридиан	Tikhonov family reviewed; opaque root assignment is family-level. Compound members retain complete structures and are not opened by component-only matching.
мешок	Tikhonov family reviewed; opaque root assignment is family-level. Compound members retain complete structures and are not opened by component-only matching.
минус	Tikhonov family reviewed; opaque root assignment is family-level. Compound members retain complete structures and are not opened by component-only matching.
момент	Tikhonov family reviewed; opaque root assignment is family-level. Compound members retain complete structures and are not opened by component-only matching.
москит	Tikhonov family reviewed; opaque root assignment is family-level. Compound members retain complete structures and are not opened by component-only matching.
муссон	Tikhonov family reviewed; opaque root assignment is family-level. Compound members retain complete structures and are not opened by component-only matching.
негатив	Tikhonov family reviewed; opaque root assignment is family-level. Compound members retain complete structures and are not opened by component-only matching.
нектар	Tikhonov family reviewed; opaque root assignment is family-level. Compound members retain complete structures and are not opened by component-only matching.
неприятель	Tikhonov family reviewed; opaque root assignment is family-level. Compound members retain complete structures and are not opened by component-only matching.
нюанс	Tikhonov family reviewed; opaque root assignment is family-level. Compound members retain complete structures and are not opened by component-only matching.
отель	Tikhonov family reviewed; opaque root assignment is family-level. Compound members retain complete structures and are not opened by component-only matching.
парадокс	Tikhonov family reviewed; opaque root assignment is family-level. Compound members retain complete structures and are not opened by component-only matching.
параметр	Tikhonov family reviewed; opaque root assignment is family-level. Compound members retain complete structures and are not opened by component-only matching.
перпендикуляр	Tikhonov family reviewed; opaque root assignment is family-level. Compound members retain complete structures and are not opened by component-only matching.
перрон	Tikhonov family reviewed; opaque root assignment is family-level. Compound members retain complete structures and are not opened by component-only matching.
пигмент	Tikhonov family reviewed; opaque root assignment is family-level. Compound members retain complete structures and are not opened by component-only matching.
префект	Tikhonov family reviewed; opaque root assignment is family-level. Compound members retain complete structures and are not opened by component-only matching.
протестант	Tikhonov family reviewed; opaque root assignment is family-level. Compound members retain complete structures and are not opened by component-only matching.
протон	Tikhonov family reviewed; opaque root assignment is family-level. Compound members retain complete structures and are not opened by component-only matching.
регент	Tikhonov family reviewed; opaque root assignment is family-level. Compound members retain complete structures and are not opened by component-only matching.
регион	Tier B family review: coherent Tikhonov opaque family; compound members retain complete structures.
результат	Tikhonov family reviewed; opaque root assignment is family-level. Compound members retain complete structures and are not opened by component-only matching.
рейх	Tikhonov family reviewed; opaque root assignment is family-level. Compound members retain complete structures and are not opened by component-only matching.
рояль	Tikhonov family reviewed; opaque root assignment is family-level. Compound members retain complete structures and are not opened by component-only matching.
ртуть	Tikhonov family reviewed; opaque root assignment is family-level. Compound members retain complete structures and are not opened by component-only matching.
сенат	clean Tikhonov-only lexical family
симплекс	Tikhonov family reviewed; opaque root assignment is family-level. Compound members retain complete structures and are not opened by component-only matching.
сквер	Tikhonov family reviewed; opaque root assignment is family-level. Compound members retain complete structures and are not opened by component-only matching.
скелет	Tikhonov family reviewed; opaque root assignment is family-level. Compound members retain complete structures and are not opened by component-only matching.
стационар	Tier B family review: coherent Tikhonov opaque family; compound members retain complete structures.
стратег	Tier B family review: coherent Tikhonov opaque family; compound members retain complete structures.
студент	Tikhonov family reviewed; opaque root assignment is family-level. Compound members retain complete structures and are not opened by component-only matching.
сюзерен	Tikhonov family reviewed; opaque root assignment is family-level. Compound members retain complete structures and are not opened by component-only matching.
транзит	Tikhonov family reviewed; opaque root assignment is family-level. Compound members retain complete structures and are not opened by component-only matching.
трос	Tikhonov family reviewed; opaque root assignment is family-level. Compound members retain complete structures and are not opened by component-only matching.
тротуар	Tikhonov family reviewed; opaque root assignment is family-level. Compound members retain complete structures and are not opened by component-only matching.
трюк	Tikhonov family reviewed; opaque root assignment is family-level. Compound members retain complete structures and are not opened by component-only matching.
туннель	Tikhonov family reviewed; opaque root assignment is family-level. Compound members retain complete structures and are not opened by component-only matching.
уйгур	Tikhonov family reviewed; opaque root assignment is family-level. Compound members retain complete structures and are not opened by component-only matching.
улус	Tikhonov family reviewed; opaque root assignment is family-level. Compound members retain complete structures and are not opened by component-only matching.
ураган	Tikhonov family reviewed; opaque root assignment is family-level. Compound members retain complete structures and are not opened by component-only matching.
факультет	Tier B family review: coherent Tikhonov opaque family; compound members retain complete structures.
фасет	Tikhonov family reviewed; opaque root assignment is family-level. Compound members retain complete structures and are not opened by component-only matching.
фейерверк	Tikhonov family reviewed; opaque root assignment is family-level. Compound members retain complete structures and are not opened by component-only matching.
фенол	Tikhonov family reviewed; opaque root assignment is family-level. Compound members retain complete structures and are not opened by component-only matching.
флюид	Tikhonov family reviewed; opaque root assignment is family-level. Compound members retain complete structures and are not opened by component-only matching.
формуляр	Tikhonov family reviewed; opaque root assignment is family-level. Compound members retain complete structures and are not opened by component-only matching.
фрагмент	Tikhonov family reviewed; opaque root assignment is family-level. Compound members retain complete structures and are not opened by component-only matching.
фундамент	Tikhonov family reviewed; opaque root assignment is family-level. Compound members retain complete structures and are not opened by component-only matching.
хитин	Tikhonov family reviewed; opaque root assignment is family-level. Compound members retain complete structures and are not opened by component-only matching.
хунхуз	Tikhonov family reviewed; opaque root assignment is family-level. Compound members retain complete structures and are not opened by component-only matching.
шельф	Tier B family review: coherent Tikhonov opaque family; compound members retain complete structures.
эвенк	Tikhonov family reviewed; opaque root assignment is family-level. Compound members retain complete structures and are not opened by component-only matching.
экватор	Tier B family review: coherent Tikhonov opaque family; compound members retain complete structures.
экзот	Tikhonov family reviewed; opaque root assignment is family-level. Compound members retain complete structures and are not opened by component-only matching.
эндем	Tier B family review: coherent Tikhonov opaque family; proper-name/homonym risk reviewed and accepted.
этап	Tier B family review: coherent Tikhonov opaque family; compound members retain complete structures.
юкагир	Tikhonov family reviewed; opaque root assignment is family-level. Compound members retain complete structures and are not opened by component-only matching.
якут	Tikhonov family reviewed; opaque root assignment is family-level. Compound members retain complete structures and are not opened by component-only matching.
