lemma	root_structure	note
ветровый	fam:ветер|ветр	Transparent adjective with the existing complete alternant structure.
грязевый	fam:гряз	Transparent adjective from грязь/гряз-; unique existing fam:гряз.
зобик	fam:зоб	Transparent diminutive of зоб; unique existing fam:зоб.
иволговый	fam:иволг	transparent reviewed derivation from иволга
мостовый	fam:мащ²|мост|мощ²	Transparent adjective from мост with the existing complete alternant structure.
родный	fam:род|рож²|рожд	Existing complete род/рож/рожд alternation is direct lexical evidence.
спиновый	fam:спин	Transparent adjective from спин; unique existing fam:спин.
степенной	fam:степен	Transparent adjective from степень; existing fam:степен.
хожение	fam:хаж|ход|хож|хожд	Nominal formation from ходить with the existing complete хаж/ход/хож/хожд structure.
