guess	target	fix_layer	status	generated
сенат	сенатор	REVIEWED_OPAQUE_ROOT	APPLIED	assignment-layer
иволга	иволговый	REVIEWED_DERIVED_ROOT	APPLIED	assignment-layer
параметр		REVIEWED_OPAQUE_ROOT	APPROVE_OPAQUE_FAMILY	assignment-layer
пигмент		REVIEWED_OPAQUE_ROOT	APPROVE_OPAQUE_FAMILY	assignment-layer
результат		REVIEWED_OPAQUE_ROOT	APPROVE_OPAQUE_FAMILY	assignment-layer
диаметр		REVIEWED_OPAQUE_ROOT	APPROVE_OPAQUE_FAMILY	assignment-layer
перпендикуляр		REVIEWED_OPAQUE_ROOT	APPROVE_OPAQUE_FAMILY	assignment-layer
фундамент		REVIEWED_OPAQUE_ROOT	APPROVE_OPAQUE_FAMILY	assignment-layer
донор		REVIEWED_OPAQUE_ROOT	APPROVE_OPAQUE_FAMILY	assignment-layer
протон		REVIEWED_OPAQUE_ROOT	APPROVE_OPAQUE_FAMILY	assignment-layer
бассейн		REVIEWED_OPAQUE_ROOT	APPROVE_OPAQUE_FAMILY	assignment-layer
момент		REVIEWED_OPAQUE_ROOT	APPROVE_OPAQUE_FAMILY	assignment-layer
парадокс		REVIEWED_OPAQUE_ROOT	APPROVE_OPAQUE_FAMILY	assignment-layer
бастион		REVIEWED_OPAQUE_ROOT	APPROVE_OPAQUE_FAMILY	assignment-layer
итог		REVIEWED_OPAQUE_ROOT	APPROVE_OPAQUE_FAMILY	assignment-layer
меридиан		REVIEWED_OPAQUE_ROOT	APPROVE_OPAQUE_FAMILY	assignment-layer
муссон		REVIEWED_OPAQUE_ROOT	APPROVE_OPAQUE_FAMILY	assignment-layer
нектар		REVIEWED_OPAQUE_ROOT	APPROVE_OPAQUE_FAMILY	assignment-layer
туннель		REVIEWED_OPAQUE_ROOT	APPROVE_OPAQUE_FAMILY	assignment-layer
аммиак		REVIEWED_OPAQUE_ROOT	APPROVE_OPAQUE_FAMILY	assignment-layer
аспирант		REVIEWED_OPAQUE_ROOT	APPROVE_OPAQUE_FAMILY	assignment-layer
балл		REVIEWED_OPAQUE_ROOT	APPROVE_OPAQUE_FAMILY	assignment-layer
барьер		REVIEWED_OPAQUE_ROOT	APPROVE_OPAQUE_FAMILY	assignment-layer
кандидат		REVIEWED_OPAQUE_ROOT	APPROVE_OPAQUE_FAMILY	assignment-layer
кельт		REVIEWED_OPAQUE_ROOT	APPROVE_OPAQUE_FAMILY	assignment-layer
коллоид		REVIEWED_OPAQUE_ROOT	APPROVE_OPAQUE_FAMILY	assignment-layer
компромисс		REVIEWED_OPAQUE_ROOT	APPROVE_OPAQUE_FAMILY	assignment-layer
минус		REVIEWED_OPAQUE_ROOT	APPROVE_OPAQUE_FAMILY	assignment-layer
префект		REVIEWED_OPAQUE_ROOT	APPROVE_OPAQUE_FAMILY	assignment-layer
регент		REVIEWED_OPAQUE_ROOT	APPROVE_OPAQUE_FAMILY	assignment-layer
студент		REVIEWED_OPAQUE_ROOT	APPROVE_OPAQUE_FAMILY	assignment-layer
уйгур		REVIEWED_OPAQUE_ROOT	APPROVE_OPAQUE_FAMILY	assignment-layer
хитин		REVIEWED_OPAQUE_ROOT	APPROVE_OPAQUE_FAMILY	assignment-layer
эвенк		REVIEWED_OPAQUE_ROOT	APPROVE_OPAQUE_FAMILY	assignment-layer
азарт		REVIEWED_OPAQUE_ROOT	APPROVE_OPAQUE_FAMILY	assignment-layer
аскет		REVIEWED_OPAQUE_ROOT	APPROVE_OPAQUE_FAMILY	assignment-layer
базальт		REVIEWED_OPAQUE_ROOT	APPROVE_OPAQUE_FAMILY	assignment-layer
балкон		REVIEWED_OPAQUE_ROOT	APPROVE_OPAQUE_FAMILY	assignment-layer
бамбук		REVIEWED_OPAQUE_ROOT	APPROVE_OPAQUE_FAMILY	assignment-layer
бизнес		REVIEWED_OPAQUE_ROOT	APPROVE_OPAQUE_FAMILY	assignment-layer
бульон		REVIEWED_OPAQUE_ROOT	APPROVE_OPAQUE_FAMILY	assignment-layer
гарнизон		REVIEWED_OPAQUE_ROOT	APPROVE_OPAQUE_FAMILY	assignment-layer
гастроном		REVIEWED_OPAQUE_ROOT	APPROVE_OPAQUE_FAMILY	assignment-layer
герцог		REVIEWED_OPAQUE_ROOT	APPROVE_OPAQUE_FAMILY	assignment-layer
депутат		REVIEWED_OPAQUE_ROOT	APPROVE_OPAQUE_FAMILY	assignment-layer
дуэль		REVIEWED_OPAQUE_ROOT	APPROVE_OPAQUE_FAMILY	assignment-layer
инвалид		REVIEWED_OPAQUE_ROOT	APPROVE_OPAQUE_FAMILY	assignment-layer
июнь		REVIEWED_OPAQUE_ROOT	APPROVE_OPAQUE_FAMILY	assignment-layer
кантон		REVIEWED_OPAQUE_ROOT	APPROVE_OPAQUE_FAMILY	assignment-layer
контраст		REVIEWED_OPAQUE_ROOT	APPROVE_OPAQUE_FAMILY	assignment-layer
кумык		REVIEWED_OPAQUE_ROOT	APPROVE_OPAQUE_FAMILY	assignment-layer
курьер		REVIEWED_OPAQUE_ROOT	APPROVE_OPAQUE_FAMILY	assignment-layer
легион		REVIEWED_OPAQUE_ROOT	APPROVE_OPAQUE_FAMILY	assignment-layer
медаль		REVIEWED_OPAQUE_ROOT	APPROVE_OPAQUE_FAMILY	assignment-layer
медальон		REVIEWED_OPAQUE_ROOT	APPROVE_OPAQUE_FAMILY	assignment-layer
мешок		REVIEWED_OPAQUE_ROOT	APPROVE_OPAQUE_FAMILY	assignment-layer
москит		REVIEWED_OPAQUE_ROOT	APPROVE_OPAQUE_FAMILY	assignment-layer
негатив		REVIEWED_OPAQUE_ROOT	APPROVE_OPAQUE_FAMILY	assignment-layer
неприятель		REVIEWED_OPAQUE_ROOT	APPROVE_OPAQUE_FAMILY	assignment-layer
нюанс		REVIEWED_OPAQUE_ROOT	APPROVE_OPAQUE_FAMILY	assignment-layer
отель		REVIEWED_OPAQUE_ROOT	APPROVE_OPAQUE_FAMILY	assignment-layer
перрон		REVIEWED_OPAQUE_ROOT	APPROVE_OPAQUE_FAMILY	assignment-layer
протестант		REVIEWED_OPAQUE_ROOT	APPROVE_OPAQUE_FAMILY	assignment-layer
рейх		REVIEWED_OPAQUE_ROOT	APPROVE_OPAQUE_FAMILY	assignment-layer
рояль		REVIEWED_OPAQUE_ROOT	APPROVE_OPAQUE_FAMILY	assignment-layer
ртуть		REVIEWED_OPAQUE_ROOT	APPROVE_OPAQUE_FAMILY	assignment-layer
симплекс		REVIEWED_OPAQUE_ROOT	APPROVE_OPAQUE_FAMILY	assignment-layer
сквер		REVIEWED_OPAQUE_ROOT	APPROVE_OPAQUE_FAMILY	assignment-layer
скелет		REVIEWED_OPAQUE_ROOT	APPROVE_OPAQUE_FAMILY	assignment-layer
сюзерен		REVIEWED_OPAQUE_ROOT	APPROVE_OPAQUE_FAMILY	assignment-layer
транзит		REVIEWED_OPAQUE_ROOT	APPROVE_OPAQUE_FAMILY	assignment-layer
трос		REVIEWED_OPAQUE_ROOT	APPROVE_OPAQUE_FAMILY	assignment-layer
тротуар		REVIEWED_OPAQUE_ROOT	APPROVE_OPAQUE_FAMILY	assignment-layer
трюк		REVIEWED_OPAQUE_ROOT	APPROVE_OPAQUE_FAMILY	assignment-layer
улус		REVIEWED_OPAQUE_ROOT	APPROVE_OPAQUE_FAMILY	assignment-layer
ураган		REVIEWED_OPAQUE_ROOT	APPROVE_OPAQUE_FAMILY	assignment-layer
фасет		REVIEWED_OPAQUE_ROOT	APPROVE_OPAQUE_FAMILY	assignment-layer
фейерверк		REVIEWED_OPAQUE_ROOT	APPROVE_OPAQUE_FAMILY	assignment-layer
фенол		REVIEWED_OPAQUE_ROOT	APPROVE_OPAQUE_FAMILY	assignment-layer
флюид		REVIEWED_OPAQUE_ROOT	APPROVE_OPAQUE_FAMILY	assignment-layer
формуляр		REVIEWED_OPAQUE_ROOT	APPROVE_OPAQUE_FAMILY	assignment-layer
фрагмент		REVIEWED_OPAQUE_ROOT	APPROVE_OPAQUE_FAMILY	assignment-layer
хунхуз		REVIEWED_OPAQUE_ROOT	APPROVE_OPAQUE_FAMILY	assignment-layer
экзот		REVIEWED_OPAQUE_ROOT	APPROVE_OPAQUE_FAMILY	assignment-layer
юкагир		REVIEWED_OPAQUE_ROOT	APPROVE_OPAQUE_FAMILY	assignment-layer
якут		REVIEWED_OPAQUE_ROOT	APPROVE_OPAQUE_FAMILY	assignment-layer
абзац		REVIEWED_OPAQUE_ROOT	APPROVE_OPAQUE_FAMILY	assignment-layer
аспект		REVIEWED_OPAQUE_ROOT	APPROVE_OPAQUE_FAMILY	assignment-layer
бретер		REVIEWED_OPAQUE_ROOT	APPROVE_OPAQUE_FAMILY	assignment-layer
вакуоль		REVIEWED_OPAQUE_ROOT	APPROVE_OPAQUE_FAMILY	assignment-layer
гейзер		REVIEWED_OPAQUE_ROOT	APPROVE_OPAQUE_FAMILY	assignment-layer
гектар		REVIEWED_OPAQUE_ROOT	APPROVE_OPAQUE_FAMILY	assignment-layer
градиент		REVIEWED_OPAQUE_ROOT	APPROVE_OPAQUE_FAMILY	assignment-layer
департамент		REVIEWED_OPAQUE_ROOT	APPROVE_OPAQUE_FAMILY	assignment-layer
катет		REVIEWED_OPAQUE_ROOT	APPROVE_OPAQUE_FAMILY	assignment-layer
лазер		REVIEWED_OPAQUE_ROOT	APPROVE_OPAQUE_FAMILY	assignment-layer
регион		REVIEWED_OPAQUE_ROOT	APPROVE_OPAQUE_FAMILY	assignment-layer
стационар		REVIEWED_OPAQUE_ROOT	APPROVE_OPAQUE_FAMILY	assignment-layer
стратег		REVIEWED_OPAQUE_ROOT	APPROVE_OPAQUE_FAMILY	assignment-layer
шельф		REVIEWED_OPAQUE_ROOT	APPROVE_OPAQUE_FAMILY	assignment-layer
эндем		REVIEWED_OPAQUE_ROOT	APPROVE_OPAQUE_FAMILY	assignment-layer
экватор		REVIEWED_OPAQUE_ROOT	APPROVE_OPAQUE_FAMILY	assignment-layer
этап		REVIEWED_OPAQUE_ROOT	APPROVE_OPAQUE_FAMILY	assignment-layer
факультет		REVIEWED_OPAQUE_ROOT	APPROVE_OPAQUE_FAMILY	assignment-layer
