left	right	proof	evidence	status
пчела	пчеловодство	profession	article:bee.txt	UNREVIEWED
пчела	пчелиный	relational_adjective	article:bee.txt	UNREVIEWED
пчела	пчеловод	profession	article:bee.txt	UNREVIEWED
мед	медоносный	manual_accept	article:bee.txt	UNREVIEWED
мед	медовый	relational_adjective	article:bee.txt	UNREVIEWED
опыление	пыль	manual_accept	article:bee.txt	UNREVIEWED
он	они	manual_accept	article:bee.txt	UNREVIEWED
он	она	manual_accept	article:bee.txt	UNREVIEWED
он	оно	manual_accept	article:bee.txt	UNREVIEWED
пара	парный	relational_adjective	article:bee.txt	UNREVIEWED
они	оно	manual_accept	article:bee.txt	UNREVIEWED
голова	головной	relational_adjective	article:bee.txt	UNREVIEWED
больший	большой	manual_accept	article:bee.txt	UNREVIEWED
она	они	manual_accept	article:bee.txt	UNREVIEWED
она	оно	manual_accept	article:bee.txt	UNREVIEWED
вместе	место	place_adverb	article:bee.txt	UNREVIEWED
шестой	шесть	ordinal	article:bee.txt	UNREVIEWED
вновь	новый	manual_accept	article:bee.txt	UNREVIEWED
грудной	грудь	relational_adjective	article:bee.txt	UNREVIEWED
конец	кончать	manual_accept	article:bee.txt	UNREVIEWED
вводить	вывести	manual_accept	article:bee.txt	UNREVIEWED
единственный	один	manual_accept	article:bee.txt	UNREVIEWED
откладывать	отложить	verbal_aspect	article:bee.txt	UNREVIEWED
день	дневный	manual_accept	article:bee.txt	UNREVIEWED
летний	лето	relational_adjective	article:bee.txt	UNREVIEWED
пятый	пять	ordinal	article:bee.txt	UNREVIEWED
нога	ножка	diminutive	article:bee.txt	UNREVIEWED
вскоре	скорость	place_adverb	article:bee.txt	UNREVIEWED
он	они	manual_accept	article:tolstoy.txt	UNREVIEWED
он	она	manual_accept	article:tolstoy.txt	UNREVIEWED
он	оно	manual_accept	article:tolstoy.txt	UNREVIEWED
они	оно	manual_accept	article:tolstoy.txt	UNREVIEWED
глава	главный	relational_adjective	article:tolstoy.txt	UNREVIEWED
характер	характерный	relational_adjective	article:tolstoy.txt	UNREVIEWED
частный	часть	relational_adjective	article:tolstoy.txt	UNREVIEWED
привести	приводить	verbal_aspect	article:tolstoy.txt	UNREVIEWED
она	они	manual_accept	article:tolstoy.txt	UNREVIEWED
она	оно	manual_accept	article:tolstoy.txt	UNREVIEWED
единственный	один	manual_accept	article:tolstoy.txt	UNREVIEWED
май	майский	lemma_suffix	article:tolstoy.txt	UNREVIEWED
солдат	солдатский	relational_adjective	article:tolstoy.txt	UNREVIEWED
вместе	место	place_adverb	article:tolstoy.txt	UNREVIEWED
рад	радость	lemma_suffix	article:tolstoy.txt	UNREVIEWED
продолжаться	продолжиться	verbal_aspect	article:tolstoy.txt	UNREVIEWED
вода	водный	relational_adjective	article:baikal.txt	UNREVIEWED
больший	большой	manual_accept	article:baikal.txt	UNREVIEWED
сток	стоковый	lemma_suffix	article:baikal.txt	UNREVIEWED
рыба	рыбный	relational_adjective	article:baikal.txt	UNREVIEWED
он	оно	manual_accept	article:baikal.txt	UNREVIEWED
он	она	manual_accept	article:baikal.txt	UNREVIEWED
он	они	manual_accept	article:baikal.txt	UNREVIEWED
гора	горный	relational_adjective	article:baikal.txt	UNREVIEWED
она	оно	manual_accept	article:baikal.txt	UNREVIEWED
она	они	manual_accept	article:baikal.txt	UNREVIEWED
озерный	озеро	relational_adjective	article:baikal.txt	UNREVIEWED
вместе	место	place_adverb	article:baikal.txt	UNREVIEWED
привести	приводить	verbal_aspect	article:baikal.txt	UNREVIEWED
лед	ледовый	relational_adjective	article:baikal.txt	UNREVIEWED
суд	судный	relational_adjective	article:baikal.txt	UNREVIEWED
завершать	завершить	verbal_aspect	article:baikal.txt	UNREVIEWED
достигать	достигнуть	verbal_aspect	article:baikal.txt	UNREVIEWED
местный	место	relational_adjective	article:baikal.txt	UNREVIEWED
они	оно	manual_accept	article:baikal.txt	UNREVIEWED
населить	населять	verbal_aspect	article:baikal.txt	UNREVIEWED
исследователь	исследовательский	lemma_suffix	article:baikal.txt	UNREVIEWED
единственный	один	manual_accept	article:baikal.txt	UNREVIEWED
город	городской	relational_adjective	article:baikal.txt	UNREVIEWED
характер	характерный	relational_adjective	article:baikal.txt	UNREVIEWED
среда	средний	relational_adjective	article:baikal.txt	UNREVIEWED
среда	среднее	relational_adjective	article:baikal.txt	UNREVIEWED
сброс	сбросовый	lemma_suffix	article:baikal.txt	UNREVIEWED
она	они	manual_accept	article:saturn.txt	UNREVIEWED
она	оно	manual_accept	article:saturn.txt	UNREVIEWED
достигать	достигнуть	verbal_aspect	article:saturn.txt	UNREVIEWED
больший	большой	manual_accept	article:saturn.txt	UNREVIEWED
единственный	один	manual_accept	article:saturn.txt	UNREVIEWED
он	она	manual_accept	article:saturn.txt	UNREVIEWED
он	они	manual_accept	article:saturn.txt	UNREVIEWED
он	оно	manual_accept	article:saturn.txt	UNREVIEWED
газ	газовый	relational_adjective	article:saturn.txt	UNREVIEWED
они	оно	manual_accept	article:saturn.txt	UNREVIEWED
получать	получить	verbal_aspect	article:saturn.txt	UNREVIEWED
вместе	место	place_adverb	article:saturn.txt	UNREVIEWED
удар	ударный	relational_adjective	article:saturn.txt	UNREVIEWED
опалиться	опаляться	verbal_aspect	random	UNREVIEWED
зарумянивать	зарумянить	verbal_aspect	random	UNREVIEWED
пластун	пластунский	lemma_suffix	random	UNREVIEWED
урод	уродский	lemma_suffix	random	UNREVIEWED
ворс	ворсовый	relational_adjective	random	UNREVIEWED
выпуск	выпускник	lemma_suffix	random	UNREVIEWED
рез	резание	lemma_suffix	random	UNREVIEWED
граб	грабовый	relational_adjective	random	UNREVIEWED
падевый	падь	relational_adjective	random	UNREVIEWED
собака	собаководческий	profession	random	UNREVIEWED
вшибать	вшибить	verbal_aspect	random	UNREVIEWED
размякать	размякнуть	verbal_aspect	random	UNREVIEWED
конфета	конфетный	relational_adjective	random	UNREVIEWED
вира	вирный	relational_adjective	random	UNREVIEWED
глава	главный	relational_adjective	random	UNREVIEWED
порез	порезник	lemma_suffix	random	UNREVIEWED
подслуживаться	подслужиться	verbal_aspect	random	UNREVIEWED
выпад	выпадание	lemma_suffix	random	UNREVIEWED
любитель	любительский	lemma_suffix	random	UNREVIEWED
голуба	голубиный	relational_adjective	random	UNREVIEWED
салют	салютный	relational_adjective	random	UNREVIEWED
пожар	пожарник	lemma_suffix	random	UNREVIEWED
вываливать	вывалить	verbal_aspect	random	UNREVIEWED
сито	ситовый	relational_adjective	random	UNREVIEWED
жир	жирный	relational_adjective	random	UNREVIEWED
кулич	куличный	relational_adjective	random	UNREVIEWED
увериться	уверяться	verbal_aspect	random	UNREVIEWED
тулуп	тулупный	relational_adjective	random	UNREVIEWED
выделить	выделять	verbal_aspect	random	UNREVIEWED
слюнтяй	слюнтяйский	lemma_suffix	random	UNREVIEWED
согрев	согревание	lemma_suffix	random	UNREVIEWED
пленить	пленять	verbal_aspect	random	UNREVIEWED
воспалить	воспалять	verbal_aspect	random	UNREVIEWED
крупа	крупный	relational_adjective	random	UNREVIEWED
волос	волосной	relational_adjective	random	UNREVIEWED
свершать	свершить	verbal_aspect	random	UNREVIEWED
зазыв	зазывание	lemma_suffix	random	UNREVIEWED
обвинить	обвинять	verbal_aspect	random	UNREVIEWED
подстреливать	подстрелить	verbal_aspect	random	UNREVIEWED
замусливаться	замуслиться	verbal_aspect	random	UNREVIEWED
пчела	пчелиный	relational_adjective	hub:5	UNREVIEWED
пчела	пчеловод	profession	hub:5	UNREVIEWED
пчела	пчеловодный	profession	hub:5	UNREVIEWED
пчела	пчеловодство	profession	hub:5	UNREVIEWED
пчела	пчеловодческий	profession	hub:5	UNREVIEWED
рыба	рыбный	relational_adjective	hub:5	UNREVIEWED
рыба	рыбовод	profession	hub:5	UNREVIEWED
рыба	рыбоводный	profession	hub:5	UNREVIEWED
рыба	рыбоводство	profession	hub:5	UNREVIEWED
рыба	рыбоводческий	profession	hub:5	UNREVIEWED
дома	домовод	profession	hub:4	UNREVIEWED
дома	домоводка	profession	hub:4	UNREVIEWED
дома	домоводство	profession	hub:4	UNREVIEWED
дома	домовый	relational_adjective	hub:4	UNREVIEWED
кура	куриный	relational_adjective	hub:4	UNREVIEWED
кура	куровод	profession	hub:4	UNREVIEWED
кура	куроводство	profession	hub:4	UNREVIEWED
кура	куроводческий	profession	hub:4	UNREVIEWED
плав	плавание	lemma_suffix	hub:4	UNREVIEWED
плав	плавник	lemma_suffix	hub:4	UNREVIEWED
плав	плавной	relational_adjective	hub:4	UNREVIEWED
плав	плавный	relational_adjective	hub:4	UNREVIEWED
брат	братание	lemma_suffix	hub:3	UNREVIEWED
брат	братний	relational_adjective	hub:3	UNREVIEWED
брат	братский	relational_adjective	hub:3	UNREVIEWED
гончар	гончарник	lemma_suffix	hub:3	UNREVIEWED
гончар	гончарный	relational_adjective	hub:3	UNREVIEWED
гончар	гончарский	relational_adjective	hub:3	UNREVIEWED
гора	горний	relational_adjective	hub:3	UNREVIEWED
гора	горный	relational_adjective	hub:3	UNREVIEWED
гора	горский	relational_adjective	hub:3	UNREVIEWED
девятый	девятеро	ordinal	hub:3	UNREVIEWED
девятый	девять	ordinal	hub:3	UNREVIEWED
девятый	девятью	ordinal	hub:3	UNREVIEWED
день	денной	relational_adjective	hub:3	UNREVIEWED
день	дневной	manual_accept	hub:3	UNREVIEWED
день	дневный	manual_accept	hub:3	UNREVIEWED
десятый	десятеро	ordinal	hub:3	UNREVIEWED
десятый	десять	ordinal	hub:3	UNREVIEWED
десятый	десятью	ordinal	hub:3	UNREVIEWED
коза	козовод	profession	hub:3	UNREVIEWED
коза	козоводство	profession	hub:3	UNREVIEWED
коза	козоводческий	profession	hub:3	UNREVIEWED
крест	крестник	lemma_suffix	hub:3	UNREVIEWED
крест	крестный	relational_adjective	hub:3	UNREVIEWED
крест	крестовый	relational_adjective	hub:3	UNREVIEWED
он	она	manual_accept	hub:3	UNREVIEWED
он	они	manual_accept	hub:3	UNREVIEWED
он	оно	manual_accept	hub:3	UNREVIEWED
она	он	manual_accept	hub:3	UNREVIEWED
она	они	manual_accept	hub:3	UNREVIEWED
она	оно	manual_accept	hub:3	UNREVIEWED
