placement_id,date,game_type,game_id,public_game_id,placement_name,unique_starters,unique_completers,period_completion_rate_pct,starter_cohort_completers,starter_cohort_completion_pct,mean_solve_seconds,median_solve_seconds,mean_attempts_to_complete,median_attempts_to_complete,difficulty_stars,difficulty_n,new_players,new_players_continued,new_players_continued_pct,d1_users,d1_eligible,d1_pct,d7_users,d7_eligible,d7_pct,start_coverage_from,complete_coverage_from
1225,2026-08-01,alphabetty,alphabetty,1,Алфавитка #1,11,11,100.0,11,100.0,782.0,391.5,18.0,21,5,169,0,0,,0,0,,0,0,,2026-08-15T16:49:44+03:00,2026-08-10T22:20:23+03:00
1179,2026-08-01,ladder,ladder,25,Лесенка #25,20,16,80.0,16,80.0,27197.0,366.4,16.12,15.5,3,208,0,0,,0,0,,0,0,,2026-08-15T16:49:44+03:00,2026-08-10T22:20:23+03:00
1226,2026-08-02,alphabetty,alphabetty,2,Алфавитка #2,10,10,100.0,10,100.0,214.9,201.9,13.5,15.5,4,131,0,0,,0,0,,0,0,,2026-08-15T16:49:44+03:00,2026-08-10T22:20:23+03:00
1220,2026-08-02,ladder,ladder,26,Лесенка #26,15,12,80.0,12,80.0,28156.2,433.4,16.67,14.0,3,209,0,0,,0,0,,0,0,,2026-08-15T16:49:44+03:00,2026-08-10T22:20:23+03:00
1227,2026-08-03,alphabetty,alphabetty,3,Алфавитка #3,9,9,100.0,9,100.0,137.8,117.1,12.67,12,3,113,0,0,,0,0,,0,0,,2026-08-15T16:49:44+03:00,2026-08-10T22:20:23+03:00
1171,2026-08-03,ladder,ladder,27,Лесенка #27,19,14,73.68,14,73.68,573.3,354.1,15.36,13.5,4,240,0,0,,0,0,,0,0,,2026-08-15T16:49:44+03:00,2026-08-10T22:20:23+03:00
1266,2026-08-03,week_task,week_task,1,Цветные персонажи,12,0,0.0,0,0.0,,,,,,,1,0,0.0,0,1,0.0,0,1,0.0,2026-08-15T16:49:44+03:00,2026-08-10T22:20:23+03:00
1228,2026-08-04,alphabetty,alphabetty,4,Алфавитка #4,11,11,100.0,11,100.0,166.1,172.3,13.91,15,3,113,0,0,,0,0,,0,0,,2026-08-15T16:49:44+03:00,2026-08-10T22:20:23+03:00
1224,2026-08-04,ladder,ladder,28,Лесенка #28,21,14,66.67,15,71.43,85809.6,1018.0,15.27,16,4,217,1,0,0.0,0,1,0.0,0,1,0.0,2026-08-15T16:49:44+03:00,2026-08-10T22:20:23+03:00
1229,2026-08-05,alphabetty,alphabetty,5,Алфавитка #5,13,13,100.0,13,100.0,8604.1,483.5,20.0,22,5,103,0,0,,0,0,,0,0,,2026-08-15T16:49:44+03:00,2026-08-10T22:20:23+03:00
1178,2026-08-05,ladder,ladder,29,Лесенка #29,17,14,82.35,14,82.35,362.6,346.6,13.71,13.0,3,212,0,0,,0,0,,0,0,,2026-08-15T16:49:44+03:00,2026-08-10T22:20:23+03:00
1232,2026-08-06,alphabetty,alphabetty,6,Алфавитка #6,12,12,100.0,12,100.0,94.4,89.0,8.5,10.0,2,98,0,0,,0,0,,0,0,,2026-08-15T16:49:44+03:00,2026-08-10T22:20:23+03:00
1268,2026-08-06,ladder,ladder,30,Лесенка #30,22,13,59.09,13,59.09,128822.4,1168.4,19.23,20,4,232,1,1,100.0,0,1,0.0,0,1,0.0,2026-08-15T16:49:44+03:00,2026-08-10T22:20:23+03:00
1234,2026-08-07,alphabetty,alphabetty,7,Алфавитка #7,17,16,94.12,16,94.12,2463.6,247.7,12.94,13.5,4,89,0,0,,0,0,,0,0,,2026-08-15T16:49:44+03:00,2026-08-10T22:20:23+03:00
1176,2026-08-07,ladder,ladder,31,Лесенка #31,25,18,72.0,18,72.0,29770.2,415.7,17.83,17.0,3,207,1,0,0.0,0,1,0.0,0,1,0.0,2026-08-15T16:49:44+03:00,2026-08-10T22:20:23+03:00
1238,2026-08-08,alphabetty,alphabetty,8,Алфавитка #8,11,11,100.0,11,100.0,2189.2,231.7,15.0,15,3,81,0,0,,0,0,,0,0,,2026-08-15T16:49:44+03:00,2026-08-10T22:20:23+03:00
1269,2026-08-08,ladder,ladder,32,Лесенка #32,28,25,89.29,25,89.29,484.7,379.7,10.76,10,3,226,0,0,,0,0,,0,0,,2026-08-15T16:49:44+03:00,2026-08-10T22:20:23+03:00
1233,2026-08-09,alphabetty,alphabetty,9,Алфавитка #9,13,12,92.31,12,92.31,321.0,248.8,16.83,17.0,3,80,0,0,,0,0,,0,0,,2026-08-15T16:49:44+03:00,2026-08-10T22:20:23+03:00
1173,2026-08-09,ladder,ladder,33,Лесенка #33,26,22,84.62,22,84.62,380.5,270.4,11.14,11.0,2,210,1,1,100.0,0,1,0.0,0,1,0.0,2026-08-15T16:49:44+03:00,2026-08-10T22:20:23+03:00
1235,2026-08-10,alphabetty,alphabetty,10,Алфавитка #10,14,13,92.86,14,100.0,67415.9,221.7,16.5,16.0,3,76,0,0,,0,0,,0,0,,2026-08-15T16:49:44+03:00,2026-08-10T22:20:23+03:00
1308,2026-08-10,ladder,ladder,34,Лесенка #34,21,17,80.95,17,80.95,58165.2,298.5,11.65,11,3,197,0,0,,0,0,,0,0,,2026-08-15T16:49:44+03:00,2026-08-10T22:20:23+03:00
1274,2026-08-10,week_task,week_task,2,Последовательности · 1,9,0,0.0,0,0.0,,,,,,,0,0,,0,0,,0,0,,2026-08-15T16:49:44+03:00,2026-08-10T22:20:23+03:00
1230,2026-08-11,alphabetty,alphabetty,11,Алфавитка #11,16,14,87.5,14,87.5,848.8,369.6,15.64,17.0,4,80,1,1,100.0,1,1,100.0,0,1,0.0,2026-08-15T16:49:44+03:00,2026-08-10T22:20:23+03:00
1174,2026-08-11,ladder,ladder,35,Лесенка #35,29,24,82.76,25,86.21,2822.7,571.1,17.24,15,3,223,3,2,66.67,0,3,0.0,0,2,0.0,2026-08-15T16:49:44+03:00,2026-08-10T22:20:23+03:00
1231,2026-08-12,alphabetty,alphabetty,12,Алфавитка #12,18,18,100.0,18,100.0,3332.9,224.8,14.28,13.5,3,74,2,2,100.0,1,2,50.0,0,2,0.0,2026-08-15T16:49:44+03:00,2026-08-10T22:20:23+03:00
1270,2026-08-12,ladder,ladder,36,Лесенка #36,32,26,81.25,26,81.25,3380.7,246.2,10.35,8.5,2,195,1,1,100.0,0,1,0.0,0,1,0.0,2026-08-15T16:49:44+03:00,2026-08-10T22:20:23+03:00
1236,2026-08-13,alphabetty,alphabetty,13,Алфавитка #13,19,19,100.0,19,100.0,141.8,103.1,9.74,9,1,74,0,0,,0,0,,0,0,,2026-08-15T16:49:44+03:00,2026-08-10T22:20:23+03:00
1185,2026-08-13,ladder,ladder,37,Лесенка #37,52,40,76.92,38,73.08,2526.0,490.0,16.68,14.0,4,199,3,3,100.0,1,3,33.33,1,3,33.33,2026-08-15T16:49:44+03:00,2026-08-10T22:20:23+03:00
1237,2026-08-14,alphabetty,alphabetty,14,Алфавитка #14,23,23,100.0,23,100.0,153.0,113.7,12.65,14,2,68,0,0,,0,0,,0,0,,2026-08-15T16:49:44+03:00,2026-08-10T22:20:23+03:00
1307,2026-08-14,ladder,ladder,38,Лесенка #38,59,55,93.22,54,91.53,460.7,247.6,22.17,14.0,1,177,3,3,100.0,2,3,66.67,1,3,33.33,2026-08-15T16:49:44+03:00,2026-08-10T22:20:23+03:00
1240,2026-08-15,alphabetty,alphabetty,15,Алфавитка #15,35,34,97.14,34,97.14,28818.9,195.5,13.5,13.0,3,58,3,3,100.0,1,3,33.33,2,3,66.67,2026-08-15T16:49:44+03:00,2026-08-10T22:20:23+03:00
1221,2026-08-15,ladder,ladder,39,Лесенка #39,84,76,90.48,76,90.48,2239.7,455.9,11.67,11.0,3,160,13,10,76.92,5,13,38.46,5,13,38.46,2026-08-15T16:49:44+03:00,2026-08-10T22:20:23+03:00
1239,2026-08-16,alphabetty,alphabetty,16,Алфавитка #16,63,63,100.0,63,100.0,233.8,168.8,15.38,15,2,64,5,4,80.0,1,5,20.0,2,5,40.0,2026-08-15T16:49:44+03:00,2026-08-10T22:20:23+03:00
1323,2026-08-16,ladder,ladder,40,Лесенка #40,146,122,83.56,122,83.56,21746.5,887.3,18.36,16.0,4,77,8,5,62.5,3,8,37.5,1,8,12.5,2026-08-15T16:49:44+03:00,2026-08-10T22:20:23+03:00
1329,2026-08-16,des171_test,des171_test,1,Непростые украшенья,1,0,0.0,0,0.0,,,,,,,0,0,,0,0,,0,0,,2026-08-15T16:49:44+03:00,2026-08-10T22:20:23+03:00
1330,2026-08-16,des171_test,des171_test,2,Мнемосина,1,0,0.0,0,0.0,,,,,,,0,0,,0,0,,0,0,,2026-08-15T16:49:44+03:00,2026-08-10T22:20:23+03:00
1332,2026-08-16,des171_test,des171_test,3,Лесенки,1,0,0.0,0,0.0,,,,,,,0,0,,0,0,,0,0,,2026-08-15T16:49:44+03:00,2026-08-10T22:20:23+03:00
1334,2026-08-16,des171_test,des171_test,4,Соотношение,0,0,,0,,,,,,,,0,0,,0,0,,0,0,,2026-08-15T16:49:44+03:00,2026-08-10T22:20:23+03:00
1337,2026-08-16,des171_test,des171_test,5,Музыка нас связала,0,0,,0,,,,,,,,0,0,,0,0,,0,0,,2026-08-15T16:49:44+03:00,2026-08-10T22:20:23+03:00
1339,2026-08-16,des171_test,des171_test,6,Химеры,0,0,,0,,,,,,,,0,0,,0,0,,0,0,,2026-08-15T16:49:44+03:00,2026-08-10T22:20:23+03:00
1343,2026-08-16,des171_test,des171_test,7,Лабиринт,0,0,,0,,,,,,,,0,0,,0,0,,0,0,,2026-08-15T16:49:44+03:00,2026-08-10T22:20:23+03:00
1341,2026-08-16,des171_test,des171_test,8,Cryptids,0,0,,0,,,,,,,,0,0,,0,0,,0,0,,2026-08-15T16:49:44+03:00,2026-08-10T22:20:23+03:00
1328,2026-08-16,des171,des171,1,Непростые украшенья,46,0,0.0,0,0.0,,,,,,,8,7,87.5,2,8,25.0,0,8,0.0,2026-08-15T16:49:44+03:00,2026-08-10T22:20:23+03:00
1331,2026-08-16,des171,des171,2,Мнемосина,37,0,0.0,0,0.0,,,,,,,2,1,50.0,0,2,0.0,0,2,0.0,2026-08-15T16:49:44+03:00,2026-08-10T22:20:23+03:00
1333,2026-08-16,des171,des171,3,Лесенки,61,0,0.0,0,0.0,,,,,,,6,3,50.0,0,6,0.0,0,6,0.0,2026-08-15T16:49:44+03:00,2026-08-10T22:20:23+03:00
1335,2026-08-16,des171,des171,4,Соотношение,22,0,0.0,0,0.0,,,,,,,2,2,100.0,0,2,0.0,0,2,0.0,2026-08-15T16:49:44+03:00,2026-08-10T22:20:23+03:00
1336,2026-08-16,des171,des171,5,Музыка нас связала,24,0,0.0,0,0.0,,,,,,,0,0,,0,0,,0,0,,2026-08-15T16:49:44+03:00,2026-08-10T22:20:23+03:00
1338,2026-08-16,des171,des171,6,Химеры,23,0,0.0,0,0.0,,,,,,,2,0,0.0,0,2,0.0,0,2,0.0,2026-08-15T16:49:44+03:00,2026-08-10T22:20:23+03:00
1342,2026-08-16,des171,des171,7,Лабиринт,16,0,0.0,0,0.0,,,,,,,0,0,,0,0,,0,0,,2026-08-15T16:49:44+03:00,2026-08-10T22:20:23+03:00
1340,2026-08-16,des171,des171,8,Cryptids,19,0,0.0,0,0.0,,,,,,,0,0,,0,0,,0,0,,2026-08-15T16:49:44+03:00,2026-08-10T22:20:23+03:00
1243,2026-08-17,alphabetty,alphabetty,17,Алфавитка #17,63,60,95.24,60,95.24,236.0,199.4,14.67,14.5,3,64,6,6,100.0,3,6,50.0,1,6,16.67,2026-08-15T16:49:44+03:00,2026-08-10T22:20:23+03:00
1204,2026-08-17,ladder,ladder,41,Лесенка #41,180,141,78.33,141,78.33,10185.2,594.4,17.62,16,4,179,14,9,64.29,6,14,42.86,4,14,28.57,2026-08-15T16:49:44+03:00,2026-08-10T22:20:23+03:00
1298,2026-08-17,week_task,week_task,3,Много эмодзи,45,0,0.0,0,0.0,,,,,,,3,1,33.33,0,3,0.0,0,3,0.0,2026-08-15T16:49:44+03:00,2026-08-10T22:20:23+03:00
1241,2026-08-18,alphabetty,alphabetty,18,Алфавитка #18,63,62,98.41,62,98.41,4238.1,96.6,10.34,10.0,2,64,5,4,80.0,2,5,40.0,1,5,20.0,2026-08-15T16:49:44+03:00,2026-08-10T22:20:23+03:00
1311,2026-08-18,ladder,ladder,42,Лесенка #42,215,165,76.74,165,76.74,13657.5,661.6,17.65,16,4,209,56,30,53.57,11,56,19.64,5,56,8.93,2026-08-15T16:49:44+03:00,2026-08-10T22:20:23+03:00
1247,2026-08-19,alphabetty,alphabetty,19,Алфавитка #19,56,56,100.0,56,100.0,326.9,201.8,14.25,15.0,3,57,1,1,100.0,0,1,0.0,1,1,100.0,2026-08-15T16:49:44+03:00,2026-08-10T22:20:23+03:00
1183,2026-08-19,ladder,ladder,43,Лесенка #43,200,177,88.5,177,88.5,6506.4,347.4,13.76,12,2,199,27,14,51.85,7,27,25.93,4,27,14.81,2026-08-15T16:49:44+03:00,2026-08-10T22:20:23+03:00
1242,2026-08-20,alphabetty,alphabetty,20,Алфавитка #20,57,53,92.98,53,92.98,3641.3,263.2,17.06,17,3,58,0,0,,0,0,,0,0,,2026-08-15T16:49:44+03:00,2026-08-10T22:20:23+03:00
1347,2026-08-20,ladder,ladder,44,Лесенка #44,193,167,86.53,167,86.53,5664.5,375.2,13.27,12,3,191,15,8,53.33,2,15,13.33,1,15,6.67,2026-08-15T16:49:44+03:00,2026-08-10T22:20:23+03:00
1244,2026-08-21,alphabetty,alphabetty,21,Алфавитка #21,58,52,89.66,52,89.66,2719.1,544.0,24.83,25.0,5,59,3,1,33.33,0,3,0.0,0,3,0.0,2026-08-15T16:49:44+03:00,2026-08-10T22:20:23+03:00
1349,2026-08-21,ladder,ladder,45,Лесенка #45,187,166,88.77,166,88.77,1218.4,369.6,15.17,14.0,2,189,11,8,72.73,2,11,18.18,2,11,18.18,2026-08-15T16:49:44+03:00,2026-08-10T22:20:23+03:00
1245,2026-08-22,alphabetty,alphabetty,22,Алфавитка #22,54,54,100.0,54,100.0,1859.6,276.3,18.83,19.0,3,55,1,1,100.0,0,1,0.0,0,1,0.0,2026-08-15T16:49:44+03:00,2026-08-10T22:20:23+03:00
1350,2026-08-22,ladder,ladder,46,Лесенка #46,162,151,93.21,151,93.21,8062.4,569.8,16.44,15,3,163,4,3,75.0,3,4,75.0,1,4,25.0,2026-08-15T16:49:44+03:00,2026-08-10T22:20:23+03:00
1248,2026-08-23,alphabetty,alphabetty,23,Алфавитка #23,59,55,93.22,55,93.22,385.0,240.3,18.8,20,3,60,2,1,50.0,0,2,0.0,0,2,0.0,2026-08-15T16:49:44+03:00,2026-08-10T22:20:23+03:00
1351,2026-08-23,ladder,ladder,47,Лесенка #47,176,147,83.52,147,83.52,14715.2,453.5,13.06,12,3,177,9,3,33.33,0,9,0.0,1,9,11.11,2026-08-15T16:49:44+03:00,2026-08-10T22:20:23+03:00
1360,2026-08-23,salad,salad,1,Салатик #1,224,41,18.3,41,18.3,17794.4,199.3,8.44,8,3,227,26,18,69.23,9,26,34.62,7,25,28.0,2026-08-15T16:49:44+03:00,2026-08-10T22:20:23+03:00
1250,2026-08-24,alphabetty,alphabetty,24,Алфавитка #24,57,57,100.0,57,100.0,555.8,130.7,10.37,10,2,58,0,0,,0,0,,0,0,,2026-08-15T16:49:44+03:00,2026-08-10T22:20:23+03:00
1326,2026-08-24,ladder,ladder,48,Лесенка #48,195,182,93.33,182,93.33,4728.4,294.1,11.89,11.0,2,176,14,8,57.14,1,14,7.14,1,13,7.69,2026-08-15T16:49:44+03:00,2026-08-10T22:20:23+03:00
1319,2026-08-24,salad,salad,2,Салатик #2,213,50,23.47,51,23.94,5284.9,277.5,6.69,6,3,217,6,2,33.33,0,6,0.0,1,6,16.67,2026-08-15T16:49:44+03:00,2026-08-10T22:20:23+03:00
1276,2026-08-24,week_task,week_task,4,Последовательности · 2,24,0,0.0,0,0.0,,,,,,,3,0,0.0,0,3,0.0,0,1,0.0,2026-08-15T16:49:44+03:00,2026-08-10T22:20:23+03:00
1246,2026-08-25,alphabetty,alphabetty,25,Алфавитка #25,58,53,91.38,53,91.38,337.9,265.2,18.4,19,3,58,2,0,0.0,0,2,0.0,0,2,0.0,2026-08-15T16:49:44+03:00,2026-08-10T22:20:23+03:00
1181,2026-08-25,ladder,ladder,49,Лесенка #49,176,163,92.61,163,92.61,2152.0,433.0,14.79,13,3,155,4,3,75.0,1,4,25.0,1,3,33.33,2026-08-15T16:49:44+03:00,2026-08-10T22:20:23+03:00
1375,2026-08-25,salad,salad,3,Салатик #3,200,60,30.0,60,30.0,3826.7,245.8,6.7,6.0,3,205,14,10,71.43,3,14,21.43,2,12,16.67,2026-08-15T16:49:44+03:00,2026-08-10T22:20:23+03:00
1249,2026-08-26,alphabetty,alphabetty,26,Алфавитка #26,58,58,100.0,58,100.0,468.1,205.5,17.12,17.0,3,61,0,0,,0,0,,0,0,,2026-08-15T16:49:44+03:00,2026-08-10T22:20:23+03:00
1309,2026-08-26,ladder,ladder,50,Лесенка #50,165,140,84.85,140,84.85,3657.4,476.0,11.19,10.5,3,169,7,2,28.57,1,7,14.29,0,0,,2026-08-15T16:49:44+03:00,2026-08-10T22:20:23+03:00
1370,2026-08-26,salad,salad,4,Салатик #4,200,176,88.0,177,88.5,4444.0,176.8,6.7,6,3,205,10,5,50.0,4,10,40.0,0,0,,2026-08-15T16:49:44+03:00,2026-08-10T22:20:23+03:00
1251,2026-08-27,alphabetty,alphabetty,27,Алфавитка #27,67,66,98.51,66,98.51,316.9,161.0,14.83,15.0,2,71,1,0,0.0,0,1,0.0,0,0,,2026-08-15T16:49:44+03:00,2026-08-10T22:20:23+03:00
1180,2026-08-27,ladder,ladder,51,Лесенка #51,174,164,94.25,164,94.25,5002.7,363.1,14.45,14.0,2,177,4,4,100.0,0,4,0.0,0,0,,2026-08-15T16:49:44+03:00,2026-08-10T22:20:23+03:00
1358,2026-08-27,salad,salad,5,Салатик #5,209,198,94.74,198,94.74,1058.0,54.7,5.35,5.0,2,217,16,9,56.25,1,16,6.25,0,0,,2026-08-15T16:49:44+03:00,2026-08-10T22:20:23+03:00
1252,2026-08-28,alphabetty,alphabetty,28,Алфавитка #28,70,64,91.43,64,91.43,1030.4,242.8,21.36,20.0,4,75,5,3,60.0,1,5,20.0,0,0,,2026-08-15T16:49:44+03:00,2026-08-10T22:20:23+03:00
1384,2026-08-28,ladder,ladder,52,Лесенка #52,175,143,81.71,144,82.29,3099.7,583.6,13.97,13.5,3,176,12,5,41.67,1,12,8.33,0,1,0.0,2026-08-15T16:49:44+03:00,2026-08-10T22:20:23+03:00
1355,2026-08-28,salad,salad,6,Салатик #6,212,191,90.09,193,91.04,5449.7,108.7,6.53,6,2,221,27,13,48.15,1,27,3.7,0,0,,2026-08-15T16:49:44+03:00,2026-08-10T22:20:23+03:00
1256,2026-08-29,alphabetty,alphabetty,29,Алфавитка #29,53,47,88.68,47,88.68,497.1,157.1,13.17,13,3,60,3,2,66.67,0,3,0.0,0,0,,2026-08-15T16:49:44+03:00,2026-08-10T22:20:23+03:00
1182,2026-08-29,ladder,ladder,53,Лесенка #53,154,132,85.71,132,85.71,2311.0,463.4,15.76,14.0,3,159,10,5,50.0,2,10,20.0,0,0,,2026-08-15T16:49:44+03:00,2026-08-10T22:20:23+03:00
1378,2026-08-29,salad,salad,7,Салатик #7,218,146,66.97,148,67.89,10497.2,660.7,10.01,9.0,5,196,40,6,15.0,2,40,5.0,0,0,,2026-08-15T16:49:44+03:00,2026-08-10T22:20:23+03:00
1267,2026-08-30,alphabetty,alphabetty,30,Алфавитка #30,45,37,82.22,38,84.44,7171.3,248.1,17.92,18.0,4,51,0,0,,0,0,,0,0,,2026-08-15T16:49:44+03:00,2026-08-10T22:20:23+03:00
1394,2026-08-30,ladder,ladder,54,Лесенка #54,147,134,91.16,134,91.16,2458.6,502.2,15.13,14.0,3,154,4,2,50.0,0,4,0.0,0,1,0.0,2026-08-15T16:49:44+03:00,2026-08-10T22:20:23+03:00
1357,2026-08-30,salad,salad,8,Салатик #8,194,147,75.77,151,77.84,6096.9,465.6,10.11,9,4,203,37,14,37.84,2,37,5.41,0,0,,2026-08-15T16:49:44+03:00,2026-08-10T22:20:23+03:00
1271,2026-08-31,alphabetty,alphabetty,31,Алфавитка #31,50,47,94.0,47,94.0,145.6,98.6,12.04,12,2,55,4,0,0.0,0,4,0.0,0,0,,2026-08-15T16:49:44+03:00,2026-08-10T22:20:23+03:00
1397,2026-08-31,ladder,ladder,55,Лесенка #55,134,125,93.28,129,96.27,2466.7,280.8,12.18,11,2,151,4,1,25.0,1,4,25.0,0,0,,2026-08-15T16:49:44+03:00,2026-08-10T22:20:23+03:00
1371,2026-08-31,salad,salad,9,Салатик #9,161,139,86.34,140,86.96,1764.0,323.9,6.26,6.0,4,181,22,8,36.36,4,22,18.18,0,0,,2026-08-15T16:49:44+03:00,2026-08-10T22:20:23+03:00
1438,2026-08-31,week_task,week_task,5,Карты,5,0,0.0,0,0.0,,,,,,,0,0,,0,0,,0,0,,2026-08-15T16:49:44+03:00,2026-08-10T22:20:23+03:00
